booking_id,hotel_type,room_type,lead_time,arrival_month,arrival_day,stay_nights,adults,children,price_per_night,booking_channel,previous_cancellations,special_requests,is_canceled,total_guests,price_per_person,is_weekend_stay,is_long_stay,high_cancellation_risk,high_value_booking
B0655,City,Standard,140,April,5,12,1,0,,Online,0,0.0,0,1,,1,1,0,0
B0239,City,Suite,186,April,15,10,3,0,12000.0,Agent,2,2.0,0,3,4000.0,1,1,1,1
B0221,Resort,Standard,186,February,12,14,3,2,,Online,3,0.0,0,5,,1,1,1,0
B0301,Resort,Suite,98,January,22,4,3,0,5814.0,Agent,2,3.0,0,3,1938.0,1,0,1,0
B0855,Resort,Standard,186,April,22,5,1,1,10751.0,Offline,3,3.0,1,2,5375.5,1,1,1,1
B0948,City,Suite,166,April,27,1,3,0,6386.0,Offline,4,2.0,0,3,2128.6666666666665,0,0,1,0
B0672,Resort,Deluxe,186,March,9,3,2,2,,Agent,2,1.0,0,4,,1,0,1,0
B0522,Resort,Standard,24,March,21,3,4,0,,Agent,4,2.0,0,4,,1,0,1,0
B0882,City,Suite,186,November,11,2,3,0,,Online,2,0.0,0,3,,1,0,1,0
B0520,City,Suite,152,March,12,13,2,0,,Agent,0,0.0,1,2,,1,1,0,0
B0900,Resort,Standard,29,October,31,2,1,0,3133.0,Offline,3,0.0,0,1,3133.0,1,0,1,0
B0272,Resort,Standard,276,December,10,7,3,0,,Online,1,1.0,0,3,,1,1,0,0
B0347,City,Suite,283,October,8,1,1,0,5750.0,Online,2,0.0,0,1,5750.0,0,0,1,0
B0244,Resort,Suite,248,September,5,12,4,1,,Agent,1,0.0,0,5,,1,1,0,0
B0675,Resort,Deluxe,186,August,28,12,1,0,,Agent,0,1.0,0,1,,1,1,0,0
B0195,Resort,Standard,216,May,15,4,1,0,11016.0,Online,4,0.0,0,1,11016.0,1,0,1,1
B0949,City,Standard,186,August,7,14,4,0,,Online,3,2.0,1,4,,1,1,1,0
B0293,Resort,Suite,186,March,7,5,2,0,11489.0,Agent,0,0.0,0,2,5744.5,1,1,0,1
B0489,City,Standard,260,March,3,10,1,1,8615.0,Offline,4,0.0,0,2,4307.5,1,1,1,1
B0635,City,Deluxe,186,May,7,11,3,1,,Offline,2,3.0,1,4,,1,1,1,0
B0952,City,Standard,234,February,18,4,3,1,7718.0,Offline,2,2.0,0,4,1929.5,1,0,1,0
B0449,Resort,Suite,300,November,27,9,3,0,,Online,0,0.0,0,3,,1,1,0,0
B0279,Resort,Suite,186,April,22,11,3,0,6114.0,Online,3,2.0,0,3,2038.0,1,1,1,0
B0004,Resort,Standard,186,March,24,8,4,0,3832.0,Offline,4,0.0,1,4,958.0,1,1,1,0
B0597,City,Deluxe,65,May,12,13,1,2,5441.0,Online,2,0.0,1,3,1813.6666666666667,1,1,1,0
B0998,City,Standard,83,July,1,3,3,0,12000.0,Agent,1,0.0,1,3,4000.0,1,0,0,1
B0894,City,Deluxe,113,August,12,5,2,1,2387.0,Agent,2,2.0,0,3,795.6666666666666,1,1,1,0
B0991,Resort,Deluxe,186,November,27,9,3,0,,Offline,4,2.0,0,3,,1,1,1,0
B0112,Resort,Deluxe,186,October,17,2,4,1,6173.0,Agent,0,0.0,0,5,1234.6,1,0,0,0
B0704,City,Deluxe,220,November,30,6,3,0,,Agent,3,2.0,1,3,,1,1,1,0
B0714,Resort,Suite,65,July,22,7,2,2,8653.0,Agent,2,1.0,1,4,2163.25,1,1,1,1
B0805,Resort,Deluxe,186,November,7,9,4,1,12000.0,Agent,4,0.0,1,5,2400.0,1,1,1,1
B0096,City,Suite,158,April,5,1,1,1,9784.0,Agent,3,0.0,0,2,4892.0,0,0,1,1
B0736,Resort,Deluxe,204,March,21,12,1,0,,Offline,1,0.0,1,1,,1,1,0,0
B0052,City,Standard,233,August,22,9,3,0,,Agent,1,3.0,1,3,,1,1,0,0
B0266,City,Suite,186,November,8,5,4,0,,Offline,2,2.0,1,4,,1,1,1,0
B0915,City,Standard,77,July,23,3,2,0,,Agent,4,3.0,1,2,,1,0,1,0
B0064,City,Deluxe,199,October,13,8,1,2,,Agent,4,0.0,0,3,,1,1,1,0
B0920,City,Deluxe,186,July,16,1,4,2,,Offline,3,1.0,0,6,,0,0,1,0
B0547,City,Deluxe,300,February,21,7,2,0,4977.0,Agent,3,2.0,0,2,2488.5,1,1,1,0
B0466,Resort,Deluxe,186,July,9,14,1,0,2317.0,Agent,1,0.0,0,1,2317.0,1,1,0,0
B0042,City,Standard,102,October,5,4,2,0,12000.0,Offline,3,2.0,1,2,6000.0,1,0,1,1
B0172,City,Standard,159,October,1,5,4,0,12000.0,Online,4,1.0,0,4,3000.0,1,1,1,1
B0714,Resort,Suite,300,October,26,1,3,0,,Online,4,2.0,0,3,,0,0,1,0
B0870,Resort,Deluxe,186,June,21,14,4,1,9135.0,Agent,4,0.0,1,5,1827.0,1,1,1,1
B0477,Resort,Suite,186,June,28,4,1,2,9385.0,Agent,4,0.0,0,3,3128.3333333333335,1,0,1,1
B0389,Resort,Standard,186,March,16,4,3,2,,Agent,4,0.0,0,5,,1,0,1,0
B0971,City,Standard,186,August,18,13,2,0,,Agent,0,0.0,1,2,,1,1,0,0
B0227,Resort,Suite,186,November,19,6,4,2,,Agent,3,2.0,1,6,,1,1,1,0
B0258,City,Standard,186,February,24,9,2,1,,Agent,4,0.0,0,3,,1,1,1,0
B0290,City,Standard,151,June,6,5,1,1,6494.0,Online,4,2.0,0,2,3247.0,1,1,1,0
B0967,City,Suite,251,January,19,5,4,0,,Offline,0,2.0,1,4,,1,1,0,0
B0117,City,Deluxe,251,October,21,11,1,1,,Online,1,0.0,0,2,,1,1,0,0
B0783,Resort,Suite,300,September,13,8,4,2,,Agent,4,0.0,0,6,,1,1,1,0
B0625,City,Standard,300,May,22,2,2,1,4847.0,Offline,0,3.0,1,3,1615.6666666666667,1,0,0,0
B0706,Resort,Deluxe,16,May,23,5,4,0,12000.0,Agent,4,1.0,1,4,3000.0,1,1,1,1
B0118,City,Suite,186,March,3,1,2,2,,Agent,0,3.0,0,4,,0,0,0,0
B0312,Resort,Deluxe,186,August,3,10,1,0,,Agent,0,0.0,0,1,,1,1,0,0
B0985,City,Suite,137,March,16,9,4,2,,Agent,0,3.0,1,6,,1,1,0,0
B0419,Resort,Deluxe,300,March,11,7,4,2,,Online,3,0.0,1,6,,1,1,1,0
B0259,Resort,Standard,206,November,28,9,4,0,2888.0,Agent,4,3.0,0,4,722.0,1,1,1,0
B0453,City,Standard,136,May,15,12,4,0,2472.0,Offline,2,0.0,0,4,618.0,1,1,1,0
B0566,Resort,Standard,115,August,31,2,2,0,,Agent,3,3.0,1,2,,1,0,1,0
B0250,Resort,Suite,186,April,30,10,2,0,,Agent,4,2.0,0,2,,1,1,1,0
B0290,Resort,Suite,186,March,15,9,4,2,,Agent,2,1.0,0,6,,1,1,1,0
B0245,Resort,Standard,210,June,24,8,4,0,12000.0,Agent,0,1.0,0,4,3000.0,1,1,0,1
B0989,Resort,Standard,225,September,30,8,1,1,8717.0,Online,3,2.0,1,2,4358.5,1,1,1,1
B0639,Resort,Suite,186,November,28,9,4,2,,Online,4,0.0,0,6,,1,1,1,0
B0647,Resort,Standard,186,February,25,11,1,0,,Online,0,2.0,0,1,,1,1,0,0
B0301,Resort,Deluxe,220,April,17,7,2,1,4868.0,Agent,4,1.0,1,3,1622.6666666666667,1,1,1,0
B0935,City,Standard,186,August,9,11,1,0,6712.0,Online,3,2.0,0,1,6712.0,1,1,1,0
B0307,Resort,Suite,186,May,7,7,4,0,,Agent,4,2.0,0,4,,1,1,1,0
B0303,City,Suite,186,January,19,14,1,0,6689.0,Agent,1,1.0,0,1,6689.0,1,1,0,0
B0257,City,Suite,49,May,26,8,1,2,12000.0,Online,2,2.0,0,3,4000.0,1,1,1,1
B0426,City,Standard,186,September,17,5,2,2,,Agent,0,3.0,0,4,,1,1,0,0
B0145,City,Suite,186,September,12,2,4,0,6332.0,Agent,2,2.0,0,4,1583.0,1,0,1,0
B0391,Resort,Standard,300,August,1,10,3,1,12000.0,Agent,2,3.0,0,4,3000.0,1,1,1,1
B0144,City,Standard,186,February,4,4,2,0,,Agent,4,1.0,1,2,,1,0,1,0
B0671,City,Deluxe,186,May,2,12,3,1,,Offline,2,0.0,0,4,,1,1,1,0
B0377,Resort,Standard,186,April,31,2,4,0,12000.0,Online,0,2.0,0,4,3000.0,1,0,0,1
B0129,City,Standard,283,October,7,14,2,2,12000.0,Online,2,1.0,0,4,3000.0,1,1,1,1
B0554,Resort,Standard,56,March,1,6,2,2,2258.0,Agent,0,1.0,0,4,564.5,1,1,0,0
B0432,City,Suite,186,August,25,6,1,0,10254.0,Online,4,2.0,1,1,10254.0,1,1,1,1
B0659,City,Standard,186,July,22,2,4,0,3204.0,Agent,4,1.0,0,4,801.0,1,0,1,0
B0130,Resort,Suite,186,July,20,9,3,0,,Online,0,0.0,0,3,,1,1,0,0
B0887,City,Deluxe,231,July,11,14,4,0,8815.0,Agent,3,2.0,0,4,2203.75,1,1,1,1
B0262,Resort,Standard,186,February,3,14,1,0,9075.0,Agent,1,0.0,0,1,9075.0,1,1,0,1
B0601,Resort,Suite,186,June,28,11,4,0,,Agent,0,0.0,0,4,,1,1,0,0
B0218,City,Suite,246,February,12,14,3,0,,Offline,3,0.0,0,3,,1,1,1,0
B0629,City,Suite,186,January,6,5,3,2,7751.0,Offline,1,0.0,0,5,1550.2,1,1,0,0
B0411,City,Standard,300,February,24,9,2,0,,Agent,1,2.0,1,2,,1,1,0,0
B0739,Resort,Suite,300,January,5,3,1,0,,Agent,3,0.0,1,1,,1,0,1,0
B0425,Resort,Standard,262,June,14,2,3,0,,Online,1,3.0,0,3,,1,0,0,0
B0057,City,Standard,154,March,25,5,3,2,3965.0,Agent,3,1.0,0,5,793.0,1,1,1,0
B0390,City,Suite,186,February,13,14,1,0,,Online,2,0.0,1,1,,1,1,1,0
B0588,Resort,Suite,186,May,4,7,1,2,,Agent,0,3.0,0,3,,1,1,0,0
B0250,Resort,Suite,205,July,28,5,3,1,7456.0,Online,4,0.0,0,4,1864.0,1,1,1,0
B0523,City,Deluxe,179,April,4,3,3,1,4842.0,Online,1,3.0,1,4,1210.5,1,0,0,0
B0773,Resort,Suite,186,November,11,3,4,0,,Agent,2,0.0,0,4,,1,0,1,0
B0361,City,Deluxe,186,January,2,6,3,0,12000.0,Agent,3,0.0,0,3,4000.0,1,1,1,1
B0978,City,Deluxe,292,June,20,8,2,0,9381.0,Agent,0,0.0,0,2,4690.5,1,1,0,1
B0177,City,Standard,186,August,17,9,2,2,,Agent,3,2.0,0,4,,1,1,1,0
B0613,City,Suite,186,February,11,2,4,2,6128.0,Agent,0,0.0,0,6,1021.3333333333334,1,0,0,0
B0145,Resort,Deluxe,186,March,20,12,1,2,,Agent,1,0.0,0,3,,1,1,0,0
B0662,Resort,Suite,185,June,10,3,2,2,,Offline,1,1.0,0,4,,1,0,0,0
B0080,Resort,Standard,259,November,11,13,2,0,4527.0,Offline,4,1.0,0,2,2263.5,1,1,1,0
B0449,City,Deluxe,186,August,20,5,4,1,10749.0,Agent,3,1.0,1,5,2149.8,1,1,1,1
B0695,Resort,Deluxe,186,September,17,7,2,1,11906.0,Agent,0,3.0,1,3,3968.6666666666665,1,1,0,1
B0568,City,Suite,264,May,3,13,2,2,9361.0,Agent,0,1.0,1,4,2340.25,1,1,0,1
B0906,Resort,Standard,212,July,17,6,2,0,,Offline,0,2.0,0,2,,1,1,0,0
B0860,Resort,Standard,70,May,30,14,4,1,,Agent,4,0.0,0,5,,1,1,1,0
B0020,Resort,Standard,186,February,25,5,2,2,3996.0,Offline,3,0.0,1,4,999.0,1,1,1,0
B0065,City,Deluxe,300,November,17,10,2,1,,Online,4,2.0,0,3,,1,1,1,0
B0585,Resort,Standard,300,September,12,2,1,0,9702.0,Agent,2,2.0,0,1,9702.0,1,0,1,1
B0017,Resort,Standard,176,December,22,11,1,2,4185.0,Agent,4,2.0,0,3,1395.0,1,1,1,0
B0180,Resort,Suite,245,March,3,12,4,0,6807.0,Online,1,0.0,1,4,1701.75,1,1,0,0
B0956,Resort,Suite,186,May,2,13,2,2,7848.0,Agent,2,0.0,1,4,1962.0,1,1,1,0
B0448,Resort,Suite,186,June,6,8,4,2,,Online,3,0.0,1,6,,1,1,1,0
B0617,City,Suite,186,February,3,6,3,2,,Offline,3,2.0,1,5,,1,1,1,0
B0044,Resort,Suite,186,November,26,1,1,0,7952.0,Online,1,0.0,0,1,7952.0,0,0,0,0
B0801,Resort,Standard,64,April,25,11,3,2,8272.0,Offline,3,2.0,1,5,1654.4,1,1,1,1
B0455,City,Suite,186,July,11,11,3,1,3858.0,Offline,3,0.0,1,4,964.5,1,1,1,0
B0936,City,Deluxe,186,April,20,5,4,1,4009.0,Online,3,1.0,0,5,801.8,1,1,1,0
B0456,City,Suite,186,December,3,9,3,2,4580.0,Agent,4,1.0,0,5,916.0,1,1,1,0
B0206,City,Standard,252,June,18,10,3,0,11038.0,Online,0,2.0,1,3,3679.3333333333335,1,1,0,1
B0735,Resort,Suite,186,October,3,3,3,0,,Agent,1,0.0,0,3,,1,0,0,0
B0602,City,Standard,221,February,17,3,3,1,,Offline,2,0.0,1,4,,1,0,1,0
B0867,City,Deluxe,186,March,21,5,1,1,11696.0,Offline,4,0.0,1,2,5848.0,1,1,1,1
B0863,City,Standard,41,November,25,10,3,1,,Online,3,0.0,1,4,,1,1,1,0
B0658,Resort,Deluxe,186,May,15,2,1,1,,Agent,3,1.0,1,2,,1,0,1,0
B0622,City,Deluxe,186,July,5,13,3,0,7228.0,Agent,0,2.0,1,3,2409.3333333333335,1,1,0,0
B0254,City,Standard,186,July,28,10,4,1,,Agent,1,1.0,1,5,,1,1,0,0
B0528,Resort,Deluxe,186,January,3,7,4,1,,Online,0,2.0,1,5,,1,1,0,0
B0612,Resort,Deluxe,274,February,14,3,3,2,,Agent,0,3.0,0,5,,1,0,0,0
B0584,City,Deluxe,186,February,13,9,4,2,12000.0,Offline,0,3.0,1,6,2000.0,1,1,0,1
B0814,Resort,Suite,187,April,20,9,4,0,2742.0,Offline,2,3.0,0,4,685.5,1,1,1,0
B0468,City,Suite,263,June,30,10,3,1,,Agent,4,0.0,0,4,,1,1,1,0
B0502,Resort,Deluxe,186,June,22,2,4,2,12000.0,Agent,2,0.0,0,6,2000.0,1,0,1,1
B0234,City,Suite,245,September,21,12,4,1,12000.0,Online,4,0.0,0,5,2400.0,1,1,1,1
B0020,Resort,Deluxe,214,July,23,4,4,0,12000.0,Offline,4,1.0,0,4,3000.0,1,0,1,1
B0333,Resort,Suite,186,March,15,9,3,2,,Agent,1,1.0,1,5,,1,1,0,0
B0572,Resort,Standard,186,December,7,12,4,2,,Agent,2,0.0,0,6,,1,1,1,0
B0693,Resort,Deluxe,176,May,2,5,1,2,,Agent,1,1.0,0,3,,1,1,0,0
B0278,Resort,Standard,55,April,2,11,2,1,2860.0,Agent,2,3.0,0,3,953.3333333333334,1,1,1,0
B0698,City,Standard,281,July,21,8,4,1,,Agent,2,0.0,0,5,,1,1,1,0
B0668,City,Suite,19,July,29,14,2,0,,Offline,2,0.0,0,2,,1,1,1,0
B0306,City,Deluxe,186,November,18,9,4,1,,Agent,1,0.0,1,5,,1,1,0,0
B0167,Resort,Suite,131,January,24,6,3,1,,Agent,4,2.0,0,4,,1,1,1,0
B0411,City,Standard,186,June,30,4,1,2,8284.0,Agent,2,2.0,1,3,2761.3333333333335,1,0,1,1
B0597,City,Deluxe,186,December,8,1,1,0,7026.0,Agent,4,2.0,0,1,7026.0,0,0,1,0
B0121,Resort,Deluxe,300,April,31,3,4,1,,Agent,4,3.0,0,5,,1,0,1,0
B0822,City,Standard,300,September,15,9,3,0,11243.0,Online,4,0.0,0,3,3747.6666666666665,1,1,1,1
B0587,City,Standard,186,February,22,4,4,0,,Online,3,1.0,0,4,,1,0,1,0
B0426,Resort,Suite,186,November,26,5,1,0,6169.0,Offline,4,0.0,0,1,6169.0,1,1,1,0
B0434,Resort,Suite,32,February,30,8,1,2,8698.0,Offline,3,2.0,1,3,2899.3333333333335,1,1,1,1
B0460,Resort,Deluxe,41,November,28,6,1,1,,Offline,1,0.0,0,2,,1,1,0,0
B0306,Resort,Suite,186,September,13,14,2,1,,Offline,2,1.0,0,3,,1,1,1,0
B0784,City,Standard,186,October,25,1,2,1,3102.0,Online,3,0.0,0,3,1034.0,0,0,1,0
B0721,City,Standard,186,August,8,9,2,0,,Offline,4,2.0,0,2,,1,1,1,0
B0613,Resort,Standard,154,November,17,4,4,2,6508.0,Offline,3,0.0,1,6,1084.6666666666667,1,0,1,0
B0049,Resort,Suite,186,September,11,12,4,0,,Agent,1,0.0,1,4,,1,1,0,0
B0247,City,Deluxe,300,August,30,1,4,0,11130.0,Agent,1,2.0,0,4,2782.5,0,0,0,1
B0339,City,Deluxe,189,September,24,14,2,0,,Online,0,1.0,0,2,,1,1,0,0
B0742,City,Deluxe,186,May,31,1,2,1,12000.0,Agent,1,0.0,0,3,4000.0,0,0,0,1
B0210,Resort,Standard,186,May,13,8,3,2,,Agent,3,0.0,0,5,,1,1,1,0
B0481,Resort,Standard,186,July,2,10,2,1,,Agent,2,1.0,0,3,,1,1,1,0
B0338,City,Deluxe,291,August,18,11,3,2,,Agent,3,1.0,0,5,,1,1,1,0
B0815,Resort,Standard,186,March,30,9,1,0,3217.0,Online,3,1.0,0,1,3217.0,1,1,1,0
B0237,City,Suite,77,April,17,8,3,0,,Agent,0,0.0,0,3,,1,1,0,0
B0565,Resort,Standard,186,September,10,1,4,1,3753.0,Offline,1,1.0,0,5,750.6,0,0,0,0
B0540,Resort,Deluxe,186,February,12,7,4,1,12000.0,Agent,0,0.0,0,5,2400.0,1,1,0,1
B0416,Resort,Deluxe,186,January,21,1,2,0,,Agent,4,0.0,0,2,,0,0,1,0
B0942,City,Standard,186,May,2,2,3,0,,Online,1,0.0,0,3,,1,0,0,0
B0771,Resort,Standard,153,October,8,10,4,2,8288.0,Online,4,2.0,0,6,1381.3333333333333,1,1,1,1
B0101,Resort,Standard,186,October,25,10,4,2,,Agent,3,1.0,1,6,,1,1,1,0
B0567,Resort,Deluxe,186,February,25,10,3,1,12000.0,Online,2,1.0,1,4,3000.0,1,1,1,1
B0729,City,Suite,186,June,4,2,1,2,,Agent,0,1.0,0,3,,1,0,0,0
B0192,Resort,Deluxe,186,February,1,2,3,0,,Agent,0,2.0,1,3,,1,0,0,0
B0398,City,Suite,286,October,17,3,4,1,,Agent,2,3.0,0,5,,1,0,1,0
B0065,City,Deluxe,186,May,16,13,1,2,6123.0,Agent,4,0.0,0,3,2041.0,1,1,1,0
B0469,City,Standard,155,July,11,14,4,2,,Agent,4,1.0,1,6,,1,1,1,0
B0329,City,Deluxe,160,July,31,6,3,0,11435.0,Agent,3,2.0,1,3,3811.6666666666665,1,1,1,1
B0374,City,Suite,102,November,25,9,1,0,12000.0,Agent,2,0.0,1,1,12000.0,1,1,1,1
B0690,Resort,Standard,186,April,9,11,2,0,,Online,3,0.0,1,2,,1,1,1,0
B0597,Resort,Suite,186,September,2,13,3,0,3791.0,Agent,1,0.0,0,3,1263.6666666666667,1,1,0,0
B0577,Resort,Deluxe,220,January,4,5,2,1,,Agent,3,0.0,0,3,,1,1,1,0
B0513,City,Deluxe,186,February,10,7,1,0,12000.0,Agent,2,2.0,1,1,12000.0,1,1,1,1
B0804,City,Suite,186,August,4,8,4,2,,Online,0,0.0,1,6,,1,1,0,0
B0664,City,Suite,84,September,6,9,2,2,,Agent,1,3.0,0,4,,1,1,0,0
B0189,City,Suite,186,July,1,12,2,0,,Agent,0,1.0,0,2,,1,1,0,0
B0286,City,Suite,52,June,11,4,4,0,,Agent,4,3.0,0,4,,1,0,1,0
B0402,City,Deluxe,186,October,6,14,3,0,12000.0,Agent,0,1.0,1,3,4000.0,1,1,0,1
B0120,City,Deluxe,300,September,13,7,2,0,8931.0,Agent,4,1.0,0,2,4465.5,1,1,1,1
B0171,Resort,Deluxe,71,June,27,8,1,2,,Offline,1,3.0,0,3,,1,1,0,0
B0518,Resort,Deluxe,186,July,23,14,4,0,4740.0,Online,1,2.0,0,4,1185.0,1,1,0,0
B0282,City,Suite,147,August,19,12,4,0,11383.0,Agent,4,2.0,0,4,2845.75,1,1,1,1
B0843,City,Suite,225,July,4,12,2,2,,Agent,2,0.0,1,4,,1,1,1,0
B0887,City,Standard,186,December,20,11,4,1,12000.0,Offline,1,0.0,0,5,2400.0,1,1,0,1
B0360,Resort,Suite,275,June,23,5,3,2,10428.0,Offline,3,0.0,1,5,2085.6,1,1,1,1
B0888,City,Suite,67,March,23,6,2,0,10019.0,Agent,3,3.0,1,2,5009.5,1,1,1,1
B0078,City,Deluxe,186,December,30,6,4,0,7362.0,Online,3,2.0,0,4,1840.5,1,1,1,0
B0815,Resort,Standard,219,August,9,6,3,2,10967.0,Agent,2,0.0,0,5,2193.4,1,1,1,1
B0102,Resort,Standard,63,August,15,1,4,1,12000.0,Agent,1,2.0,0,5,2400.0,0,0,0,1
B0671,Resort,Deluxe,186,November,29,11,2,0,,Offline,3,0.0,0,2,,1,1,1,0
B0098,City,Standard,244,March,19,4,4,0,,Online,3,1.0,1,4,,1,0,1,0
B0073,City,Deluxe,45,February,11,6,3,1,8270.0,Offline,0,0.0,0,4,2067.5,1,1,0,1
B0009,City,Deluxe,179,November,24,3,4,0,5559.0,Online,1,0.0,0,4,1389.75,1,0,0,0
B0748,Resort,Deluxe,186,March,8,5,1,1,,Online,2,1.0,0,2,,1,1,1,0
B0622,City,Suite,186,November,2,13,2,0,8322.0,Offline,3,0.0,0,2,4161.0,1,1,1,1
B0541,City,Deluxe,162,July,28,14,4,2,10951.0,Agent,0,0.0,0,6,1825.1666666666667,1,1,0,1
B0070,City,Deluxe,110,January,31,13,4,2,,Agent,3,0.0,0,6,,1,1,1,0
B0550,City,Deluxe,186,February,17,4,2,2,8401.0,Agent,3,1.0,0,4,2100.25,1,0,1,1
B0251,City,Deluxe,186,October,20,1,3,1,3956.0,Offline,0,1.0,1,4,989.0,0,0,0,0
B0976,Resort,Suite,186,March,12,3,3,0,12000.0,Agent,3,2.0,0,3,4000.0,1,0,1,1
B0066,Resort,Suite,295,August,15,9,3,0,10185.0,Agent,1,2.0,0,3,3395.0,1,1,0,1
B0916,City,Standard,260,January,28,14,1,1,,Agent,3,1.0,0,2,,1,1,1,0
B0954,City,Suite,186,April,11,4,4,2,6444.0,Agent,0,0.0,0,6,1074.0,1,0,0,0
B0924,City,Standard,114,July,3,8,3,2,7362.0,Agent,0,2.0,0,5,1472.4,1,1,0,0
B0299,Resort,Suite,300,August,12,10,4,1,12000.0,Offline,0,3.0,0,5,2400.0,1,1,0,1
B0239,Resort,Suite,300,June,1,13,4,2,3703.0,Offline,3,3.0,0,6,617.1666666666666,1,1,1,0
B0996,City,Suite,143,January,30,4,4,2,9511.0,Online,4,1.0,0,6,1585.1666666666667,1,0,1,1
B0840,Resort,Standard,300,July,22,3,2,2,,Agent,2,2.0,1,4,,1,0,1,0
B0279,City,Standard,103,October,4,3,1,1,,Agent,3,0.0,0,2,,1,0,1,0
B0367,City,Deluxe,186,May,28,2,1,1,,Online,1,2.0,0,2,,1,0,0,0
B0094,City,Deluxe,202,November,10,5,2,0,,Offline,0,3.0,0,2,,1,1,0,0
B0824,City,Standard,6,April,5,4,4,2,12000.0,Agent,0,0.0,0,6,2000.0,1,0,0,1
B0203,Resort,Standard,186,February,2,8,1,1,,Agent,3,0.0,1,2,,1,1,1,0
B0700,Resort,Standard,181,March,9,5,4,1,2567.0,Agent,3,3.0,0,5,513.4,1,1,1,0
B0491,City,Standard,186,March,14,4,2,0,,Agent,4,3.0,1,2,,1,0,1,0
B0935,Resort,Deluxe,138,January,11,10,2,0,,Online,3,0.0,1,2,,1,1,1,0
B0786,City,Standard,51,November,8,5,1,1,,Agent,1,1.0,0,2,,1,1,0,0
B0607,Resort,Suite,186,October,1,12,3,1,11225.0,Agent,4,2.0,0,4,2806.25,1,1,1,1
B0503,City,Standard,28,October,8,1,4,0,7435.0,Offline,2,1.0,1,4,1858.75,0,0,1,0
B0061,City,Standard,300,February,28,9,3,0,,Online,2,2.0,1,3,,1,1,1,0
B0140,City,Suite,186,November,11,3,3,1,12000.0,Agent,2,2.0,0,4,3000.0,1,0,1,1
B0182,City,Suite,186,October,2,3,3,1,12000.0,Agent,1,2.0,0,4,3000.0,1,0,0,1
B0080,City,Deluxe,163,November,29,2,3,0,,Offline,1,0.0,1,3,,1,0,0,0
B0263,City,Suite,0,July,15,12,4,1,,Agent,2,0.0,1,5,,1,1,1,0
B0104,Resort,Suite,300,March,15,2,1,2,,Agent,0,0.0,1,3,,1,0,0,0
B0175,Resort,Standard,38,June,20,10,4,0,9066.0,Agent,1,0.0,0,4,2266.5,1,1,0,1
B0340,City,Standard,186,November,10,5,2,0,,Agent,1,0.0,1,2,,1,1,0,0
B0004,Resort,Standard,186,April,4,1,2,1,,Online,3,0.0,1,3,,0,0,1,0
B0804,Resort,Deluxe,186,February,21,9,4,1,,Agent,1,3.0,0,5,,1,1,0,0
B0270,Resort,Deluxe,134,May,19,1,2,0,,Agent,4,1.0,0,2,,0,0,1,0
B0063,Resort,Suite,186,October,29,4,4,2,,Online,4,0.0,0,6,,1,0,1,0
B0820,City,Standard,229,March,7,13,2,1,,Online,3,1.0,0,3,,1,1,1,0
B0152,Resort,Deluxe,34,July,18,7,3,2,,Online,4,0.0,0,5,,1,1,1,0
B0801,Resort,Standard,212,March,19,10,1,0,11219.0,Agent,4,2.0,1,1,11219.0,1,1,1,1
B0271,Resort,Suite,186,January,6,5,4,1,,Online,3,2.0,0,5,,1,1,1,0
B0244,City,Suite,186,June,1,6,3,2,,Online,1,1.0,1,5,,1,1,0,0
B0998,Resort,Deluxe,186,October,21,2,2,0,,Agent,4,2.0,0,2,,1,0,1,0
B0528,City,Standard,186,March,25,14,1,1,5158.0,Online,1,0.0,1,2,2579.0,1,1,0,0
B0052,Resort,Suite,186,June,27,8,4,0,12000.0,Offline,2,3.0,0,4,3000.0,1,1,1,1
B0457,City,Deluxe,186,June,6,14,3,0,6670.0,Agent,0,1.0,0,3,2223.3333333333335,1,1,0,0
B0799,City,Standard,300,November,7,5,4,0,12000.0,Agent,1,1.0,0,4,3000.0,1,1,0,1
B0821,City,Standard,186,December,31,12,3,0,,Agent,2,1.0,1,3,,1,1,1,0
B0310,Resort,Suite,52,September,22,14,3,2,6890.0,Agent,0,2.0,1,5,1378.0,1,1,0,0
B0656,Resort,Deluxe,186,April,5,9,2,0,,Agent,1,0.0,0,2,,1,1,0,0
B0510,Resort,Deluxe,186,July,24,1,2,2,12000.0,Agent,2,0.0,1,4,3000.0,0,0,1,1
B0866,City,Suite,285,May,4,8,2,2,12000.0,Agent,0,1.0,1,4,3000.0,1,1,0,1
B0229,Resort,Deluxe,186,May,19,5,4,0,9709.0,Online,3,1.0,0,4,2427.25,1,1,1,1
B0123,Resort,Suite,186,January,28,14,2,1,,Agent,4,3.0,0,3,,1,1,1,0
B0324,City,Standard,186,November,6,6,1,0,,Offline,1,0.0,0,1,,1,1,0,0
B0502,City,Standard,186,November,14,7,4,0,8280.0,Online,4,1.0,0,4,2070.0,1,1,1,1
B0383,City,Deluxe,271,January,22,1,2,1,,Agent,1,0.0,1,3,,0,0,0,0
B0516,Resort,Standard,33,May,31,5,4,2,9105.0,Agent,3,2.0,0,6,1517.5,1,1,1,1
B0169,Resort,Standard,116,December,5,4,1,1,,Online,3,2.0,0,2,,1,0,1,0
B0639,City,Suite,24,November,27,1,1,0,,Agent,0,0.0,1,1,,0,0,0,0
B0486,City,Standard,300,May,14,11,1,2,12000.0,Agent,0,0.0,0,3,4000.0,1,1,0,1
B0633,City,Deluxe,58,August,7,10,2,2,10571.0,Agent,3,2.0,0,4,2642.75,1,1,1,1
B0041,Resort,Standard,186,June,8,1,1,0,,Offline,0,0.0,0,1,,0,0,0,0
B0741,City,Deluxe,300,August,10,5,4,0,3635.0,Online,2,2.0,0,4,908.75,1,1,1,0
B0321,Resort,Suite,59,January,1,14,2,1,,Agent,4,2.0,0,3,,1,1,1,0
B0096,Resort,Deluxe,93,July,13,8,3,0,,Agent,1,0.0,0,3,,1,1,0,0
B0713,City,Standard,186,October,16,13,4,1,,Agent,4,0.0,0,5,,1,1,1,0
B0902,City,Deluxe,249,July,15,1,1,2,,Online,4,0.0,0,3,,0,0,1,0
B0579,City,Suite,173,July,22,12,2,0,,Offline,4,0.0,0,2,,1,1,1,0
B0012,City,Suite,186,March,3,13,4,2,,Agent,0,0.0,0,6,,1,1,0,0
B0564,Resort,Deluxe,120,August,15,13,4,0,,Agent,0,3.0,0,4,,1,1,0,0
B0670,City,Standard,186,January,18,9,1,0,,Offline,3,2.0,1,1,,1,1,1,0
B0846,City,Standard,186,September,25,10,4,2,,Online,0,1.0,0,6,,1,1,0,0
B0350,Resort,Suite,186,December,4,1,2,0,,Online,2,0.0,0,2,,0,0,1,0
B0193,City,Deluxe,186,April,23,6,1,0,2761.0,Agent,3,0.0,0,1,2761.0,1,1,1,0
B0138,Resort,Standard,271,September,30,7,4,1,12000.0,Offline,0,3.0,0,5,2400.0,1,1,0,1
B0615,Resort,Suite,186,October,30,12,2,2,,Agent,3,1.0,0,4,,1,1,1,0
B0423,Resort,Suite,186,December,24,9,2,1,,Agent,1,1.0,0,3,,1,1,0,0
B0556,Resort,Suite,186,September,16,10,4,2,8920.0,Online,0,3.0,0,6,1486.6666666666667,1,1,0,1
B0055,City,Standard,136,May,22,5,2,0,,Offline,4,0.0,1,2,,1,1,1,0
B0834,Resort,Standard,300,December,21,9,4,1,,Online,3,3.0,1,5,,1,1,1,0
B0980,Resort,Suite,27,December,9,4,4,1,,Offline,1,2.0,1,5,,1,0,0,0
B0182,City,Standard,88,July,2,7,3,2,4131.0,Agent,0,2.0,1,5,826.2,1,1,0,0
B0727,City,Standard,186,October,2,13,3,0,,Online,2,0.0,0,3,,1,1,1,0
B0980,City,Suite,34,July,18,9,4,0,7724.0,Offline,2,2.0,1,4,1931.0,1,1,1,0
B0301,City,Suite,186,September,27,13,1,0,,Agent,1,0.0,0,1,,1,1,0,0
B0250,City,Suite,186,February,13,5,3,0,,Agent,3,0.0,1,3,,1,1,1,0
B0920,City,Deluxe,263,February,6,13,1,0,5453.0,Agent,0,1.0,0,1,5453.0,1,1,0,0
B0849,Resort,Suite,36,January,15,12,3,0,3433.0,Online,1,2.0,0,3,1144.3333333333333,1,1,0,0
B0073,City,Deluxe,186,August,21,7,4,2,,Online,4,0.0,0,6,,1,1,1,0
B0738,City,Suite,299,December,28,2,3,0,,Online,2,3.0,1,3,,1,0,1,0
B0405,City,Deluxe,80,March,24,7,3,1,,Online,4,0.0,0,4,,1,1,1,0
B0127,City,Standard,186,September,18,2,3,1,,Offline,3,0.0,0,4,,1,0,1,0
B0165,City,Standard,186,April,4,3,1,0,12000.0,Agent,0,2.0,0,1,12000.0,1,0,0,1
B0203,Resort,Deluxe,182,November,21,4,1,2,12000.0,Offline,2,3.0,1,3,4000.0,1,0,1,1
B0337,Resort,Suite,299,October,19,6,3,0,4762.0,Agent,1,1.0,0,3,1587.3333333333333,1,1,0,0
B0758,Resort,Deluxe,184,November,24,6,4,0,,Agent,3,0.0,0,4,,1,1,1,0
B0180,City,Deluxe,71,May,24,11,1,0,2305.0,Agent,4,1.0,0,1,2305.0,1,1,1,0
B0565,Resort,Suite,186,November,25,3,3,0,,Offline,3,0.0,0,3,,1,0,1,0
B0093,Resort,Deluxe,257,November,8,14,2,1,9310.0,Offline,4,0.0,0,3,3103.3333333333335,1,1,1,1
B0894,City,Suite,186,January,8,13,4,1,,Agent,1,0.0,0,5,,1,1,0,0
B0212,Resort,Deluxe,186,January,2,11,3,0,,Agent,4,0.0,0,3,,1,1,1,0
B0179,Resort,Suite,186,October,21,14,1,2,8165.0,Agent,2,2.0,1,3,2721.6666666666665,1,1,1,1
B0812,Resort,Suite,3,August,6,4,1,2,5465.0,Offline,1,2.0,0,3,1821.6666666666667,1,0,0,0
B0735,City,Suite,186,June,24,2,4,0,9848.0,Offline,3,0.0,0,4,2462.0,1,0,1,1
B0045,City,Suite,300,March,21,9,1,1,2916.0,Agent,1,0.0,1,2,1458.0,1,1,0,0
B0614,City,Suite,186,February,7,8,4,0,4794.0,Agent,4,1.0,0,4,1198.5,1,1,1,0
B0841,City,Suite,186,March,24,11,3,0,11773.0,Offline,3,3.0,0,3,3924.3333333333335,1,1,1,1
B0112,City,Standard,186,March,20,2,2,0,12000.0,Online,0,3.0,0,2,6000.0,1,0,0,1
B0134,City,Suite,186,September,14,6,1,0,,Agent,2,0.0,0,1,,1,1,1,0
B0930,City,Deluxe,186,August,25,4,1,2,,Agent,1,0.0,0,3,,1,0,0,0
B0762,City,Suite,267,September,1,7,2,2,,Online,1,3.0,0,4,,1,1,0,0
B0600,Resort,Deluxe,186,October,12,10,3,0,12000.0,Agent,4,0.0,1,3,4000.0,1,1,1,1
B0184,Resort,Suite,186,May,10,10,3,0,12000.0,Online,1,3.0,0,3,4000.0,1,1,0,1
B0973,City,Standard,186,June,26,9,1,1,8375.0,Online,1,3.0,0,2,4187.5,1,1,0,1
B0446,City,Standard,134,June,3,10,1,0,,Online,1,3.0,1,1,,1,1,0,0
B0011,City,Suite,186,April,2,13,2,1,12000.0,Agent,1,0.0,0,3,4000.0,1,1,0,1
B0089,Resort,Deluxe,186,July,19,4,1,0,,Agent,2,2.0,0,1,,1,0,1,0
B0621,City,Deluxe,206,May,6,7,1,0,,Agent,0,0.0,1,1,,1,1,0,0
B0898,Resort,Suite,186,October,16,13,2,2,,Agent,4,0.0,1,4,,1,1,1,0
B0120,Resort,Standard,195,November,23,4,3,0,7785.0,Agent,1,2.0,0,3,2595.0,1,0,0,0
B0409,Resort,Standard,283,August,11,6,2,2,4994.0,Agent,1,1.0,0,4,1248.5,1,1,0,0
B0248,Resort,Standard,117,April,27,10,3,1,12000.0,Online,0,3.0,0,4,3000.0,1,1,0,1
B0007,City,Deluxe,186,August,29,10,3,0,,Agent,1,0.0,0,3,,1,1,0,0
B0056,Resort,Deluxe,276,September,12,7,2,0,,Agent,0,0.0,0,2,,1,1,0,0
B0216,Resort,Suite,186,June,20,14,3,1,,Offline,2,3.0,0,4,,1,1,1,0
B0352,Resort,Standard,186,April,14,12,3,2,,Agent,1,0.0,0,5,,1,1,0,0
B0590,City,Standard,138,September,14,14,4,1,4389.0,Agent,0,1.0,1,5,877.8,1,1,0,0
B0512,City,Suite,186,August,10,5,1,0,3621.0,Online,1,2.0,1,1,3621.0,1,1,0,0
B0860,City,Deluxe,186,June,12,9,3,2,,Online,2,0.0,0,5,,1,1,1,0
B0591,City,Deluxe,186,November,17,8,4,0,,Agent,1,1.0,0,4,,1,1,0,0
B0828,Resort,Deluxe,186,February,3,3,3,1,,Agent,2,0.0,0,4,,1,0,1,0
B0405,Resort,Deluxe,186,July,6,3,1,1,12000.0,Agent,0,1.0,0,2,6000.0,1,0,0,1
B0407,City,Standard,186,September,2,1,4,0,,Offline,0,3.0,1,4,,0,0,0,0
B0235,City,Suite,186,November,5,3,2,0,,Agent,3,3.0,0,2,,1,0,1,0
B0958,Resort,Suite,227,December,18,3,4,0,,Agent,3,0.0,0,4,,1,0,1,0
B0825,City,Deluxe,186,July,9,3,3,0,2001.0,Agent,2,3.0,0,3,667.0,1,0,1,0
B0009,Resort,Deluxe,153,July,26,5,2,0,,Offline,3,0.0,1,2,,1,1,1,0
B0405,City,Standard,186,July,8,5,1,0,12000.0,Agent,2,0.0,1,1,12000.0,1,1,1,1
B0423,City,Standard,93,May,4,11,4,0,,Offline,2,0.0,0,4,,1,1,1,0
B0051,City,Standard,186,May,5,12,4,0,5814.0,Offline,0,3.0,0,4,1453.5,1,1,0,0
B0351,Resort,Deluxe,186,August,23,13,1,2,3314.0,Online,2,3.0,0,3,1104.6666666666667,1,1,1,0
B0557,Resort,Standard,186,July,27,1,1,1,,Offline,0,1.0,1,2,,0,0,0,0
B0753,City,Suite,300,August,13,11,3,2,4598.0,Online,2,3.0,0,5,919.6,1,1,1,0
B0306,City,Deluxe,26,February,8,11,4,2,2246.0,Agent,4,0.0,1,6,374.3333333333333,1,1,1,0
B0809,City,Standard,186,December,20,3,3,0,6075.0,Agent,0,0.0,1,3,2025.0,1,0,0,0
B0954,City,Standard,182,December,18,13,1,1,9992.0,Agent,4,2.0,1,2,4996.0,1,1,1,1
B0751,City,Standard,186,June,24,3,3,0,,Agent,4,3.0,0,3,,1,0,1,0
B0581,City,Suite,186,December,15,5,2,0,10702.0,Agent,2,2.0,0,2,5351.0,1,1,1,1
B0376,Resort,Standard,186,December,6,1,3,1,7254.0,Agent,1,0.0,0,4,1813.5,0,0,0,0
B0510,City,Suite,186,July,21,6,1,0,10572.0,Online,1,1.0,0,1,10572.0,1,1,0,1
B0207,City,Deluxe,98,January,19,11,4,0,,Online,2,1.0,0,4,,1,1,1,0
B0736,City,Standard,186,February,15,13,1,2,,Agent,0,0.0,1,3,,1,1,0,0
B0542,City,Suite,186,February,31,4,1,0,12000.0,Agent,1,1.0,0,1,12000.0,1,0,0,1
B0673,City,Suite,300,September,24,9,4,0,,Agent,3,0.0,0,4,,1,1,1,0
B0812,City,Suite,186,November,6,9,4,2,,Agent,3,3.0,0,6,,1,1,1,0
B0332,City,Suite,279,July,25,9,3,2,,Agent,0,0.0,1,5,,1,1,0,0
B0611,City,Suite,186,January,10,4,2,2,,Offline,0,0.0,1,4,,1,0,0,0
B0365,City,Standard,186,October,8,4,3,2,,Offline,0,2.0,1,5,,1,0,0,0
B0178,Resort,Suite,300,October,21,5,1,0,3285.0,Agent,2,3.0,1,1,3285.0,1,1,1,0
B0953,City,Standard,300,November,25,11,4,0,6993.0,Agent,4,0.0,0,4,1748.25,1,1,1,0
B0335,City,Standard,186,August,25,10,1,1,,Agent,1,1.0,1,2,,1,1,0,0
B0085,Resort,Suite,186,May,3,7,4,1,12000.0,Agent,4,1.0,1,5,2400.0,1,1,1,1
B0405,City,Suite,300,April,3,5,4,2,12000.0,Online,3,3.0,1,6,2000.0,1,1,1,1
B0357,City,Deluxe,176,May,6,6,4,1,9216.0,Offline,1,2.0,0,5,1843.2,1,1,0,1
B0776,City,Standard,27,October,30,3,3,0,7624.0,Agent,3,3.0,0,3,2541.3333333333335,1,0,1,0
B0340,City,Suite,275,April,18,9,3,0,12000.0,Online,3,0.0,0,3,4000.0,1,1,1,1
B0540,City,Deluxe,87,May,7,13,3,0,9617.0,Online,3,2.0,0,3,3205.6666666666665,1,1,1,1
B0873,Resort,Standard,186,November,13,4,4,0,,Online,1,1.0,0,4,,1,0,0,0
B0990,Resort,Suite,300,January,8,9,3,2,,Offline,0,2.0,0,5,,1,1,0,0
B0361,Resort,Suite,154,September,9,13,1,2,8343.0,Agent,1,1.0,1,3,2781.0,1,1,0,1
B0919,Resort,Suite,70,December,13,9,2,0,5938.0,Agent,2,0.0,1,2,2969.0,1,1,1,0
B0460,City,Standard,300,October,18,11,2,1,7062.0,Agent,1,0.0,0,3,2354.0,1,1,0,0
B0326,City,Suite,272,March,11,14,2,0,,Agent,3,2.0,1,2,,1,1,1,0
B0764,Resort,Standard,96,March,6,1,3,1,11770.0,Offline,0,2.0,0,4,2942.5,0,0,0,1
B0705,Resort,Standard,186,December,21,6,2,0,,Offline,1,1.0,0,2,,1,1,0,0
B0034,Resort,Standard,186,April,24,11,2,1,3083.0,Agent,4,3.0,0,3,1027.6666666666667,1,1,1,0
B0333,Resort,Standard,186,January,20,12,4,2,8457.0,Online,3,3.0,0,6,1409.5,1,1,1,1
B0899,City,Suite,186,December,2,9,4,0,,Agent,3,2.0,1,4,,1,1,1,0
B0473,City,Deluxe,150,December,17,3,4,0,3481.0,Offline,4,0.0,0,4,870.25,1,0,1,0
B0403,Resort,Deluxe,230,March,15,10,2,0,,Agent,1,0.0,0,2,,1,1,0,0
B0117,Resort,Suite,185,September,23,7,2,0,,Online,1,2.0,0,2,,1,1,0,0
B0893,City,Standard,74,December,2,7,3,2,,Agent,1,0.0,0,5,,1,1,0,0
B0984,City,Standard,186,January,15,8,4,0,,Offline,1,0.0,0,4,,1,1,0,0
B0488,Resort,Deluxe,226,October,20,1,2,2,12000.0,Online,1,1.0,0,4,3000.0,0,0,0,1
B0669,Resort,Standard,74,November,19,14,3,2,3436.0,Online,3,1.0,0,5,687.2,1,1,1,0
B0689,Resort,Suite,300,August,24,10,3,0,,Agent,2,3.0,0,3,,1,1,1,0
B0777,Resort,Suite,186,August,5,2,3,2,,Offline,1,0.0,0,5,,1,0,0,0
B0112,City,Deluxe,186,July,20,14,3,2,,Offline,4,0.0,1,5,,1,1,1,0
B0533,Resort,Deluxe,92,December,10,4,1,0,,Online,1,0.0,1,1,,1,0,0,0
B0424,City,Deluxe,179,January,21,4,3,2,12000.0,Agent,2,0.0,0,5,2400.0,1,0,1,1
B0332,City,Standard,186,June,13,12,1,1,,Agent,3,3.0,0,2,,1,1,1,0
B0662,City,Deluxe,186,September,29,6,4,0,12000.0,Agent,4,2.0,0,4,3000.0,1,1,1,1
B0549,City,Standard,186,June,3,3,3,0,,Offline,4,0.0,1,3,,1,0,1,0
B0192,City,Deluxe,186,December,2,5,4,0,10143.0,Agent,3,2.0,0,4,2535.75,1,1,1,1
B0538,Resort,Standard,186,January,25,4,1,0,10290.0,Agent,4,1.0,0,1,10290.0,1,0,1,1
B0349,Resort,Suite,186,June,5,13,1,1,5361.0,Agent,3,0.0,0,2,2680.5,1,1,1,0
B0005,Resort,Standard,300,June,15,1,1,2,,Offline,2,1.0,0,3,,0,0,1,0
B0294,Resort,Suite,186,November,4,5,2,1,6483.0,Online,4,0.0,0,3,2161.0,1,1,1,0
B0105,City,Suite,186,May,5,12,3,1,4806.0,Agent,4,2.0,0,4,1201.5,1,1,1,0
B0455,City,Standard,186,November,2,2,4,0,,Agent,1,0.0,0,4,,1,0,0,0
B0645,Resort,Suite,186,June,27,4,1,0,11302.0,Online,3,0.0,1,1,11302.0,1,0,1,1
B0318,Resort,Deluxe,118,March,28,10,3,2,8423.0,Agent,2,3.0,1,5,1684.6,1,1,1,1
B0031,City,Deluxe,186,August,15,14,2,2,,Offline,4,0.0,1,4,,1,1,1,0
B0838,City,Deluxe,284,May,18,8,4,0,5908.0,Offline,3,3.0,0,4,1477.0,1,1,1,0
B0349,City,Suite,186,July,19,13,3,1,4835.0,Agent,0,0.0,0,4,1208.75,1,1,0,0
B0475,Resort,Suite,186,March,10,7,1,0,,Agent,3,0.0,0,1,,1,1,1,0
B0223,City,Suite,300,March,22,3,4,2,,Offline,1,2.0,1,6,,1,0,0,0
B0584,Resort,Deluxe,176,October,1,10,4,1,6819.0,Agent,4,0.0,0,5,1363.8,1,1,1,0
B0721,Resort,Standard,144,April,14,12,4,2,,Agent,3,3.0,0,6,,1,1,1,0
B0217,City,Deluxe,71,September,13,14,3,0,,Offline,1,0.0,0,3,,1,1,0,0
B0664,City,Standard,186,March,3,3,4,0,,Offline,3,0.0,1,4,,1,0,1,0
B0566,Resort,Deluxe,181,March,14,10,1,0,12000.0,Agent,3,0.0,0,1,12000.0,1,1,1,1
B0376,City,Standard,186,December,12,2,4,0,,Agent,4,0.0,0,4,,1,0,1,0
B0912,City,Standard,241,November,21,9,3,0,7628.0,Agent,3,0.0,1,3,2542.6666666666665,1,1,1,0
B0588,Resort,Deluxe,186,May,6,1,3,2,,Offline,4,0.0,0,5,,0,0,1,0
B0299,City,Deluxe,248,March,17,2,3,2,,Agent,2,0.0,0,5,,1,0,1,0
B0115,City,Suite,186,June,26,3,3,1,9944.0,Online,2,0.0,0,4,2486.0,1,0,1,1
B0610,City,Deluxe,186,April,22,8,2,1,,Online,2,0.0,0,3,,1,1,1,0
B0172,Resort,Deluxe,186,August,24,13,2,0,,Agent,2,1.0,0,2,,1,1,1,0
B0892,Resort,Standard,186,July,22,6,1,0,,Agent,4,2.0,1,1,,1,1,1,0
B0277,Resort,Standard,186,August,25,11,2,1,,Offline,2,0.0,0,3,,1,1,1,0
B0689,City,Standard,186,February,17,2,4,2,,Agent,1,0.0,0,6,,1,0,0,0
B0635,City,Standard,300,October,21,2,1,0,11907.0,Agent,4,1.0,0,1,11907.0,1,0,1,1
B0713,City,Deluxe,186,November,30,2,4,2,,Agent,2,1.0,0,6,,1,0,1,0
B0284,City,Deluxe,186,January,9,14,3,1,9218.0,Agent,1,0.0,1,4,2304.5,1,1,0,1
B0183,Resort,Standard,186,April,20,11,1,0,,Online,0,0.0,0,1,,1,1,0,0
B0586,Resort,Deluxe,186,March,21,11,1,0,,Agent,1,2.0,1,1,,1,1,0,0
B0589,City,Suite,186,August,14,7,1,1,,Agent,0,0.0,0,2,,1,1,0,0
B0958,Resort,Deluxe,186,July,2,11,1,2,,Online,3,2.0,0,3,,1,1,1,0
B0208,City,Suite,186,November,7,5,4,0,,Agent,0,3.0,0,4,,1,1,0,0
B0195,City,Standard,98,December,19,4,4,0,,Agent,4,3.0,0,4,,1,0,1,0
B0038,Resort,Standard,172,July,4,4,4,1,12000.0,Online,0,1.0,1,5,2400.0,1,0,0,1
B0670,City,Deluxe,300,April,23,11,2,0,4822.0,Agent,0,3.0,0,2,2411.0,1,1,0,0
B0175,City,Standard,186,October,26,10,2,0,,Agent,3,2.0,0,2,,1,1,1,0
B1000,City,Deluxe,109,October,6,6,1,0,6487.0,Agent,1,2.0,0,1,6487.0,1,1,0,0
B0169,Resort,Standard,297,March,4,13,4,1,,Online,0,0.0,0,5,,1,1,0,0
B0949,City,Suite,186,July,23,13,4,1,5377.0,Agent,4,3.0,1,5,1075.4,1,1,1,0
B0245,City,Suite,300,October,6,12,4,0,,Agent,3,0.0,0,4,,1,1,1,0
B0242,City,Standard,271,October,12,14,2,0,12000.0,Agent,0,1.0,0,2,6000.0,1,1,0,1
B0816,City,Suite,186,March,6,11,1,0,,Agent,1,3.0,1,1,,1,1,0,0
B0343,Resort,Standard,53,September,6,3,1,0,10436.0,Online,1,3.0,0,1,10436.0,1,0,0,1
B0594,Resort,Deluxe,186,April,25,2,3,1,3606.0,Agent,1,3.0,0,4,901.5,1,0,0,0
B0076,Resort,Suite,248,July,5,4,4,1,,Offline,3,1.0,0,5,,1,0,1,0
B0368,Resort,Standard,171,January,23,10,1,2,4236.0,Agent,3,3.0,0,3,1412.0,1,1,1,0
B0779,Resort,Standard,151,November,31,10,2,1,,Agent,1,0.0,1,3,,1,1,0,0
B0858,Resort,Deluxe,186,December,28,4,2,2,9114.0,Offline,4,0.0,1,4,2278.5,1,0,1,1
B0046,City,Deluxe,258,July,17,7,4,0,,Offline,0,0.0,0,4,,1,1,0,0
B0710,Resort,Standard,186,May,8,11,1,0,,Offline,3,0.0,0,1,,1,1,1,0
B0598,City,Deluxe,237,December,13,3,3,0,12000.0,Online,3,2.0,0,3,4000.0,1,0,1,1
B0034,Resort,Deluxe,138,November,3,10,3,0,,Online,0,3.0,1,3,,1,1,0,0
B0477,City,Deluxe,187,November,18,12,1,1,,Offline,4,0.0,0,2,,1,1,1,0
B0490,City,Suite,186,June,29,5,4,2,2892.0,Agent,2,3.0,1,6,482.0,1,1,1,0
B0514,City,Deluxe,186,August,20,6,1,1,9501.0,Online,3,1.0,1,2,4750.5,1,1,1,1
B0982,City,Standard,186,February,23,3,4,1,5346.0,Agent,3,0.0,0,5,1069.2,1,0,1,0
B0486,Resort,Deluxe,227,May,7,2,1,1,,Agent,4,2.0,0,2,,1,0,1,0
B0662,Resort,Deluxe,186,August,10,10,2,2,,Offline,3,2.0,1,4,,1,1,1,0
B0789,City,Standard,186,August,31,3,2,2,4986.0,Offline,1,1.0,0,4,1246.5,1,0,0,0
B0043,Resort,Suite,186,May,12,3,2,0,,Agent,1,2.0,1,2,,1,0,0,0
B0553,City,Suite,154,January,13,8,2,0,7246.0,Online,4,0.0,1,2,3623.0,1,1,1,0
B0663,Resort,Deluxe,148,October,24,8,3,0,,Online,1,0.0,0,3,,1,1,0,0
B0316,City,Deluxe,300,August,12,2,3,0,11963.0,Offline,2,1.0,0,3,3987.6666666666665,1,0,1,1
B0086,Resort,Suite,300,September,13,4,4,2,11882.0,Agent,3,1.0,0,6,1980.3333333333333,1,0,1,1
B0875,Resort,Deluxe,186,January,10,6,3,2,9300.0,Offline,3,3.0,1,5,1860.0,1,1,1,1
B0296,City,Suite,186,March,27,10,1,1,,Agent,4,2.0,0,2,,1,1,1,0
B0956,Resort,Standard,186,November,30,5,4,1,,Offline,1,1.0,1,5,,1,1,0,0
B0297,Resort,Standard,186,August,18,12,4,1,2439.0,Offline,2,2.0,0,5,487.8,1,1,1,0
B0855,Resort,Standard,186,July,6,8,2,0,,Agent,0,0.0,0,2,,1,1,0,0
B0371,Resort,Suite,186,November,22,8,1,2,10397.0,Agent,1,0.0,0,3,3465.6666666666665,1,1,0,1
B0150,Resort,Deluxe,300,June,6,1,3,2,,Online,2,2.0,0,5,,0,0,1,0
B0655,City,Suite,99,February,20,13,2,2,,Agent,2,0.0,0,4,,1,1,1,0
B0594,Resort,Standard,6,September,10,6,4,0,7575.0,Online,1,1.0,0,4,1893.75,1,1,0,0
B0227,City,Suite,300,July,15,2,1,1,,Agent,2,2.0,0,2,,1,0,1,0
B0837,Resort,Suite,186,March,23,5,1,0,5643.0,Offline,1,2.0,0,1,5643.0,1,1,0,0
B0215,City,Standard,217,February,1,13,4,0,2696.0,Online,0,0.0,0,4,674.0,1,1,0,0
B0061,Resort,Standard,129,February,10,11,1,0,12000.0,Offline,4,1.0,0,1,12000.0,1,1,1,1
B0687,Resort,Standard,46,December,31,5,3,2,4630.0,Online,0,0.0,0,5,926.0,1,1,0,0
B0542,City,Suite,186,March,29,13,1,0,,Agent,4,1.0,1,1,,1,1,1,0
B0690,City,Standard,186,July,7,9,2,0,,Online,3,0.0,0,2,,1,1,1,0
B0140,Resort,Deluxe,186,September,24,1,1,2,10088.0,Agent,2,3.0,0,3,3362.6666666666665,0,0,1,1
B0754,Resort,Suite,227,September,14,5,4,1,,Agent,1,0.0,0,5,,1,1,0,0
B0504,City,Deluxe,224,February,5,7,4,0,12000.0,Online,2,1.0,1,4,3000.0,1,1,1,1
B0206,Resort,Standard,186,December,16,5,3,0,,Agent,3,0.0,1,3,,1,1,1,0
B0151,Resort,Standard,186,August,16,4,2,0,3631.0,Online,3,0.0,0,2,1815.5,1,0,1,0
B0392,Resort,Standard,155,February,22,13,4,0,,Agent,3,0.0,1,4,,1,1,1,0
B0556,Resort,Suite,279,January,14,2,4,0,,Agent,3,0.0,0,4,,1,0,1,0
B0182,Resort,Suite,186,July,5,5,4,0,12000.0,Agent,4,0.0,0,4,3000.0,1,1,1,1
B0482,Resort,Suite,80,July,9,8,4,2,,Agent,0,0.0,0,6,,1,1,0,0
B0047,City,Deluxe,178,November,11,7,1,0,,Agent,2,0.0,0,1,,1,1,1,0
B0251,City,Standard,186,October,3,12,1,2,,Offline,0,0.0,1,3,,1,1,0,0
B0039,Resort,Suite,186,May,1,12,4,0,,Agent,2,0.0,0,4,,1,1,1,0
B0828,Resort,Standard,300,June,16,9,3,1,,Agent,3,1.0,1,4,,1,1,1,0
B0651,City,Suite,186,May,2,5,4,1,12000.0,Online,4,2.0,1,5,2400.0,1,1,1,1
B0069,Resort,Deluxe,186,February,21,14,3,2,,Offline,3,3.0,1,5,,1,1,1,0
B0640,Resort,Suite,280,January,21,12,2,0,,Agent,4,0.0,1,2,,1,1,1,0
B0958,City,Suite,186,August,5,4,2,2,,Agent,0,1.0,1,4,,1,0,0,0
B0274,Resort,Suite,186,November,20,4,4,1,3860.0,Offline,0,1.0,1,5,772.0,1,0,0,0
B0476,Resort,Suite,186,November,29,1,2,1,6468.0,Online,2,2.0,0,3,2156.0,0,0,1,0
B0564,City,Suite,186,January,2,14,1,2,,Online,3,2.0,0,3,,1,1,1,0
B0674,City,Deluxe,71,February,19,12,1,2,10133.0,Offline,4,0.0,1,3,3377.6666666666665,1,1,1,1
B0338,Resort,Suite,186,April,5,2,2,1,,Agent,2,0.0,0,3,,1,0,1,0
B0503,Resort,Suite,186,September,14,8,2,2,12000.0,Agent,3,2.0,1,4,3000.0,1,1,1,1
B0022,City,Suite,300,December,30,13,2,2,,Agent,2,0.0,0,4,,1,1,1,0
B0888,City,Deluxe,198,July,30,5,3,0,12000.0,Agent,1,1.0,1,3,4000.0,1,1,0,1
B0647,Resort,Suite,208,May,28,2,4,0,,Agent,3,0.0,0,4,,1,0,1,0
B0716,Resort,Suite,186,July,20,12,3,0,12000.0,Online,1,3.0,0,3,4000.0,1,1,0,1
B0140,City,Deluxe,186,June,19,2,1,1,6089.0,Agent,2,3.0,1,2,3044.5,1,0,1,0
B0895,City,Deluxe,186,May,7,2,4,2,,Agent,4,1.0,0,6,,1,0,1,0
B0971,City,Suite,300,February,15,4,3,1,,Agent,4,2.0,0,4,,1,0,1,0
B0092,Resort,Standard,290,January,23,9,4,0,,Online,1,1.0,0,4,,1,1,0,0
B0969,Resort,Deluxe,186,March,14,14,2,1,6636.0,Agent,1,3.0,0,3,2212.0,1,1,0,0
B0030,Resort,Deluxe,186,April,12,10,4,0,,Offline,2,3.0,0,4,,1,1,1,0
B0218,Resort,Suite,186,February,4,9,1,0,7453.0,Agent,2,0.0,0,1,7453.0,1,1,1,0
B0991,City,Standard,186,May,13,11,3,1,11167.0,Offline,2,1.0,0,4,2791.75,1,1,1,1
B0505,Resort,Deluxe,67,June,23,9,4,1,6266.0,Agent,0,1.0,1,5,1253.2,1,1,0,0
B0893,Resort,Suite,186,May,29,5,3,2,9139.0,Agent,3,1.0,0,5,1827.8,1,1,1,1
B0874,Resort,Standard,96,January,8,3,1,0,6263.0,Agent,3,0.0,1,1,6263.0,1,0,1,0
B0042,Resort,Deluxe,186,August,16,2,2,0,7727.0,Offline,2,1.0,0,2,3863.5,1,0,1,0
B0768,Resort,Suite,300,October,1,9,2,0,3258.0,Agent,0,2.0,0,2,1629.0,1,1,0,0
B0292,City,Deluxe,191,June,5,1,1,0,,Agent,2,0.0,0,1,,0,0,1,0
B0006,Resort,Standard,186,June,31,12,2,1,,Agent,0,0.0,0,3,,1,1,0,0
B0975,Resort,Standard,186,March,8,13,4,0,2336.0,Offline,3,3.0,1,4,584.0,1,1,1,0
B0663,City,Standard,186,July,24,13,3,1,7882.0,Agent,4,1.0,1,4,1970.5,1,1,1,0
B0457,Resort,Deluxe,186,February,25,7,3,1,,Online,0,0.0,1,4,,1,1,0,0
B0997,Resort,Suite,114,August,17,11,1,2,,Online,3,2.0,0,3,,1,1,1,0
B0131,Resort,Standard,186,May,19,1,1,0,10411.0,Agent,3,0.0,1,1,10411.0,0,0,1,1
B0677,Resort,Deluxe,130,September,1,2,4,1,12000.0,Agent,0,0.0,1,5,2400.0,1,0,0,1
B0898,Resort,Deluxe,186,November,15,10,3,2,5066.0,Offline,0,0.0,1,5,1013.2,1,1,0,0
B0893,City,Deluxe,273,January,13,2,1,1,,Agent,3,0.0,0,2,,1,0,1,0
B0499,Resort,Suite,186,December,22,12,4,2,3435.0,Offline,0,1.0,0,6,572.5,1,1,0,0
B0836,City,Suite,96,April,16,11,2,1,9139.0,Online,2,3.0,0,3,3046.3333333333335,1,1,1,1
B0486,Resort,Standard,59,March,24,12,4,0,9724.0,Agent,4,1.0,0,4,2431.0,1,1,1,1
B0302,Resort,Standard,170,February,21,14,4,0,,Online,3,3.0,1,4,,1,1,1,0
B0526,Resort,Standard,300,September,1,7,3,0,,Agent,0,3.0,0,3,,1,1,0,0
B0962,Resort,Deluxe,186,January,6,5,2,0,,Offline,4,1.0,0,2,,1,1,1,0
B0931,Resort,Suite,186,March,29,5,4,0,,Agent,1,0.0,0,4,,1,1,0,0
B0290,City,Suite,247,March,7,3,4,0,,Agent,2,1.0,0,4,,1,0,1,0
B0571,City,Standard,186,June,22,3,2,0,,Agent,0,0.0,0,2,,1,0,0,0
B0124,City,Deluxe,186,June,25,1,3,1,12000.0,Online,3,3.0,0,4,3000.0,0,0,1,1
B0999,City,Suite,300,September,2,9,1,1,12000.0,Offline,2,1.0,0,2,6000.0,1,1,1,1
B0300,Resort,Suite,255,March,21,6,3,1,4014.0,Agent,3,0.0,0,4,1003.5,1,1,1,0
B0855,Resort,Deluxe,146,February,9,6,4,2,12000.0,Offline,4,3.0,0,6,2000.0,1,1,1,1
B0142,Resort,Deluxe,186,September,26,11,3,0,9251.0,Online,4,0.0,0,3,3083.6666666666665,1,1,1,1
B0347,Resort,Deluxe,186,January,13,13,1,1,11413.0,Agent,3,3.0,0,2,5706.5,1,1,1,1
B0718,Resort,Suite,186,January,27,5,2,0,9310.0,Agent,2,3.0,0,2,4655.0,1,1,1,1
B0903,Resort,Standard,186,July,24,12,2,2,5501.0,Agent,4,2.0,0,4,1375.25,1,1,1,0
B0164,City,Standard,186,April,27,13,3,0,10278.0,Online,2,2.0,0,3,3426.0,1,1,1,1
B0520,Resort,Standard,24,August,10,10,1,0,7553.0,Offline,2,2.0,1,1,7553.0,1,1,1,0
B0683,City,Suite,193,February,11,9,2,2,9443.0,Offline,3,3.0,0,4,2360.75,1,1,1,1
B0095,City,Deluxe,186,April,15,2,3,0,,Agent,4,3.0,0,3,,1,0,1,0
B0434,Resort,Suite,186,March,5,9,2,0,,Offline,4,0.0,0,2,,1,1,1,0
B0712,City,Deluxe,242,December,6,9,3,0,,Online,0,2.0,0,3,,1,1,0,0
B0297,City,Suite,78,June,10,6,3,2,9961.0,Offline,1,0.0,1,5,1992.2,1,1,0,1
B0050,Resort,Deluxe,110,December,16,1,1,2,3106.0,Agent,3,0.0,1,3,1035.3333333333333,0,0,1,0
B0580,Resort,Deluxe,186,December,27,10,2,1,,Agent,3,1.0,0,3,,1,1,1,0
B0334,City,Suite,186,July,8,7,3,0,,Agent,0,1.0,0,3,,1,1,0,0
B0026,Resort,Suite,300,November,18,2,2,0,11342.0,Agent,4,0.0,0,2,5671.0,1,0,1,1
B0675,City,Standard,140,April,27,12,4,0,,Agent,4,0.0,1,4,,1,1,1,0
B0883,City,Deluxe,223,July,1,14,3,0,6213.0,Online,0,0.0,0,3,2071.0,1,1,0,0
B0293,City,Standard,130,March,10,7,2,0,,Offline,0,0.0,1,2,,1,1,0,0
B0400,City,Deluxe,186,June,9,7,1,0,5318.0,Offline,3,0.0,0,1,5318.0,1,1,1,0
B0395,City,Deluxe,186,August,18,7,1,0,,Offline,0,2.0,0,1,,1,1,0,0
B0987,City,Standard,284,May,19,7,4,0,12000.0,Offline,2,0.0,0,4,3000.0,1,1,1,1
B0801,City,Suite,186,January,1,14,4,2,12000.0,Online,0,3.0,1,6,2000.0,1,1,0,1
B0613,Resort,Suite,186,November,7,10,3,0,4644.0,Agent,0,3.0,0,3,1548.0,1,1,0,0
B0126,City,Suite,186,July,7,10,3,2,,Agent,2,1.0,0,5,,1,1,1,0
B0330,Resort,Standard,186,January,30,12,2,0,,Online,0,1.0,1,2,,1,1,0,0
B0570,Resort,Deluxe,275,November,21,2,1,0,12000.0,Agent,3,0.0,1,1,12000.0,1,0,1,1
B0397,City,Suite,4,August,12,4,4,0,5629.0,Agent,2,1.0,0,4,1407.25,1,0,1,0
B0836,Resort,Suite,113,August,31,6,1,2,10074.0,Online,1,3.0,0,3,3358.0,1,1,0,1
B0891,Resort,Suite,186,March,18,4,2,0,11636.0,Online,1,2.0,0,2,5818.0,1,0,0,1
B0877,City,Suite,140,November,1,12,3,0,,Online,2,3.0,1,3,,1,1,1,0
B0281,City,Suite,186,August,12,9,1,1,,Agent,4,3.0,1,2,,1,1,1,0
B0006,Resort,Standard,171,October,26,1,2,0,3219.0,Offline,1,2.0,1,2,1609.5,0,0,0,0
B0065,City,Standard,186,January,19,13,3,2,6049.0,Agent,1,2.0,0,5,1209.8,1,1,0,0
B0842,Resort,Suite,121,October,20,8,1,0,11485.0,Online,0,0.0,1,1,11485.0,1,1,0,1
B0321,City,Standard,186,January,10,10,4,0,3668.0,Online,2,3.0,1,4,917.0,1,1,1,0
B0099,Resort,Standard,300,August,13,8,4,0,7564.0,Agent,4,2.0,0,4,1891.0,1,1,1,0
B0198,City,Standard,6,October,26,14,2,1,,Agent,3,3.0,0,3,,1,1,1,0
B0636,Resort,Standard,124,January,2,3,3,0,,Agent,4,0.0,0,3,,1,0,1,0
B0151,Resort,Deluxe,186,May,12,1,2,0,5889.0,Agent,2,1.0,0,2,2944.5,0,0,1,0
B0656,City,Standard,174,November,16,12,4,2,,Agent,3,2.0,0,6,,1,1,1,0
B0108,Resort,Standard,253,January,21,4,2,0,12000.0,Offline,3,2.0,0,2,6000.0,1,0,1,1
B0385,City,Deluxe,94,June,1,2,3,0,11088.0,Offline,2,3.0,0,3,3696.0,1,0,1,1
B0647,Resort,Standard,15,April,10,3,2,2,12000.0,Agent,4,1.0,0,4,3000.0,1,0,1,1
B0201,City,Standard,134,January,27,11,2,0,12000.0,Agent,1,2.0,1,2,6000.0,1,1,0,1
B0246,Resort,Deluxe,300,September,26,10,4,0,3941.0,Offline,1,1.0,0,4,985.25,1,1,0,0
B0388,Resort,Deluxe,186,November,8,1,2,2,12000.0,Agent,1,0.0,0,4,3000.0,0,0,0,1
B0815,Resort,Standard,186,April,24,2,4,0,,Agent,3,0.0,1,4,,1,0,1,0
B0184,Resort,Suite,186,December,31,8,4,2,,Online,1,1.0,0,6,,1,1,0,0
B0463,City,Deluxe,186,July,29,7,2,2,6170.0,Offline,0,2.0,1,4,1542.5,1,1,0,0
B0532,Resort,Standard,298,August,17,10,3,0,,Agent,3,2.0,1,3,,1,1,1,0
B0325,Resort,Deluxe,12,August,8,5,1,2,,Online,2,1.0,0,3,,1,1,1,0
B0122,City,Deluxe,19,June,7,11,3,2,,Offline,4,1.0,0,5,,1,1,1,0
B0758,Resort,Standard,186,June,26,7,4,0,9733.0,Agent,1,1.0,0,4,2433.25,1,1,0,1
B0768,City,Deluxe,186,December,27,8,3,0,7129.0,Agent,3,1.0,1,3,2376.3333333333335,1,1,1,0
B0461,City,Deluxe,71,May,31,12,1,0,,Agent,1,3.0,1,1,,1,1,0,0
B0703,Resort,Suite,186,June,19,1,1,1,,Agent,3,1.0,1,2,,0,0,1,0
B0066,Resort,Standard,243,June,19,8,3,0,4808.0,Offline,0,0.0,1,3,1602.6666666666667,1,1,0,0
B0028,City,Standard,186,May,7,4,3,0,9449.0,Agent,4,0.0,0,3,3149.6666666666665,1,0,1,1
B0335,Resort,Deluxe,80,March,18,7,4,0,8373.0,Offline,1,2.0,1,4,2093.25,1,1,0,1
B0838,Resort,Standard,186,October,7,9,4,2,5304.0,Offline,3,0.0,1,6,884.0,1,1,1,0
B0620,City,Suite,186,August,15,10,1,0,,Agent,2,3.0,0,1,,1,1,1,0
B0844,City,Deluxe,127,October,24,7,4,0,12000.0,Online,3,0.0,0,4,3000.0,1,1,1,1
B0907,City,Deluxe,186,November,30,2,2,0,8738.0,Agent,0,0.0,0,2,4369.0,1,0,0,1
B0785,Resort,Deluxe,230,May,7,9,1,0,2437.0,Agent,3,2.0,0,1,2437.0,1,1,1,0
B0409,City,Deluxe,19,May,4,12,2,2,,Agent,3,0.0,0,4,,1,1,1,0
B0562,City,Suite,224,August,27,5,2,1,2295.0,Offline,2,0.0,0,3,765.0,1,1,1,0
B0760,Resort,Standard,39,November,9,3,4,2,4915.0,Online,4,1.0,1,6,819.1666666666666,1,0,1,0
B0714,City,Suite,267,July,23,5,4,0,11800.0,Online,3,1.0,0,4,2950.0,1,1,1,1
B0384,City,Standard,46,July,1,1,3,1,12000.0,Offline,0,1.0,0,4,3000.0,0,0,0,1
B0172,City,Deluxe,262,June,11,9,2,1,,Agent,0,1.0,0,3,,1,1,0,0
B0109,Resort,Deluxe,88,July,21,6,1,0,,Offline,0,2.0,0,1,,1,1,0,0
B0639,Resort,Standard,34,July,10,13,4,0,12000.0,Agent,0,0.0,1,4,3000.0,1,1,0,1
B0647,Resort,Suite,300,June,6,11,3,0,,Online,4,0.0,1,3,,1,1,1,0
B0392,City,Suite,300,April,1,10,1,2,,Offline,4,0.0,0,3,,1,1,1,0
B0141,Resort,Deluxe,151,March,13,4,1,1,,Agent,1,2.0,1,2,,1,0,0,0
B0660,City,Suite,186,January,8,14,3,2,5969.0,Online,1,1.0,0,5,1193.8,1,1,0,0
B0894,Resort,Suite,164,August,21,1,1,0,3146.0,Online,1,1.0,0,1,3146.0,0,0,0,0
B0094,City,Suite,281,April,17,2,4,0,7103.0,Offline,1,3.0,0,4,1775.75,1,0,0,0
B0621,City,Deluxe,186,November,7,5,4,0,,Agent,1,3.0,1,4,,1,1,0,0
B0433,Resort,Standard,246,July,14,14,1,2,11751.0,Offline,2,3.0,1,3,3917.0,1,1,1,1
B0314,Resort,Deluxe,186,February,11,3,4,1,4535.0,Online,0,0.0,0,5,907.0,1,0,0,0
B0743,Resort,Deluxe,186,July,24,6,4,0,7043.0,Agent,0,0.0,1,4,1760.75,1,1,0,0
B0955,City,Standard,186,December,12,9,4,2,12000.0,Agent,3,1.0,0,6,2000.0,1,1,1,1
B0490,City,Deluxe,300,December,22,11,2,2,,Offline,2,1.0,0,4,,1,1,1,0
B0593,City,Standard,59,November,23,7,4,0,10495.0,Agent,1,3.0,1,4,2623.75,1,1,0,1
B0709,Resort,Suite,186,October,10,12,4,0,,Offline,2,1.0,0,4,,1,1,1,0
B0408,Resort,Standard,186,January,4,2,4,0,,Agent,1,1.0,1,4,,1,0,0,0
B0191,City,Standard,249,September,31,2,4,1,5041.0,Online,1,1.0,1,5,1008.2,1,0,0,0
B0924,Resort,Deluxe,300,November,6,2,3,0,8188.0,Agent,0,2.0,0,3,2729.3333333333335,1,0,0,1
B0600,City,Deluxe,248,January,2,5,1,0,3586.0,Online,3,0.0,0,1,3586.0,1,1,1,0
B0986,Resort,Deluxe,186,October,14,6,3,2,7164.0,Agent,3,3.0,0,5,1432.8,1,1,1,0
B0059,Resort,Deluxe,51,August,28,12,4,1,2420.0,Agent,1,2.0,1,5,484.0,1,1,0,0
B0634,Resort,Suite,211,January,21,14,3,0,,Online,2,3.0,0,3,,1,1,1,0
B0622,Resort,Deluxe,300,June,14,8,1,0,6814.0,Offline,4,0.0,0,1,6814.0,1,1,1,0
B0517,City,Standard,254,May,27,11,4,1,9311.0,Agent,4,1.0,0,5,1862.2,1,1,1,1
B0217,City,Suite,300,February,14,12,1,1,,Agent,1,2.0,0,2,,1,1,0,0
B0488,City,Suite,186,February,26,12,3,1,11436.0,Agent,3,3.0,0,4,2859.0,1,1,1,1
B0658,Resort,Standard,186,February,10,2,1,0,7574.0,Online,4,2.0,0,1,7574.0,1,0,1,0
B0874,Resort,Deluxe,295,May,2,10,2,0,,Agent,1,0.0,0,2,,1,1,0,0
B0617,City,Standard,202,September,28,8,3,1,6863.0,Agent,3,1.0,0,4,1715.75,1,1,1,0
B0291,City,Suite,300,October,11,5,1,2,,Offline,3,2.0,0,3,,1,1,1,0
B0990,Resort,Standard,170,December,7,14,2,0,12000.0,Agent,3,2.0,0,2,6000.0,1,1,1,1
B0935,City,Standard,186,June,14,11,4,2,,Agent,0,0.0,0,6,,1,1,0,0
B0290,Resort,Suite,186,February,5,6,1,2,9496.0,Offline,3,3.0,1,3,3165.3333333333335,1,1,1,1
B0919,City,Standard,111,December,21,1,3,0,12000.0,Agent,3,1.0,0,3,4000.0,0,0,1,1
B0099,Resort,Deluxe,91,February,17,11,3,0,,Offline,0,0.0,0,3,,1,1,0,0
B0407,Resort,Deluxe,300,November,24,7,1,0,,Agent,3,2.0,0,1,,1,1,1,0
B0123,City,Standard,186,November,22,9,2,0,,Agent,0,0.0,0,2,,1,1,0,0
B0394,Resort,Suite,186,May,19,3,1,2,3040.0,Agent,0,3.0,0,3,1013.3333333333334,1,0,0,0
B0838,Resort,Standard,265,April,31,11,1,1,11815.0,Online,4,3.0,1,2,5907.5,1,1,1,1
B0126,City,Standard,294,November,6,2,3,0,3386.0,Agent,2,0.0,0,3,1128.6666666666667,1,0,1,0
B0434,City,Standard,153,September,29,13,3,0,,Agent,4,2.0,0,3,,1,1,1,0
B0552,City,Suite,50,April,2,4,2,2,5526.0,Offline,4,2.0,1,4,1381.5,1,0,1,0
B0132,Resort,Standard,186,May,13,11,2,0,9472.0,Agent,3,1.0,0,2,4736.0,1,1,1,1
B0209,City,Suite,137,December,12,10,2,0,,Agent,3,0.0,0,2,,1,1,1,0
B0254,City,Deluxe,63,November,18,7,1,2,12000.0,Agent,2,2.0,0,3,4000.0,1,1,1,1
B0890,City,Deluxe,5,July,8,7,1,0,,Agent,0,0.0,1,1,,1,1,0,0
B0718,Resort,Suite,138,January,6,6,4,1,,Agent,4,1.0,1,5,,1,1,1,0
B0010,City,Suite,64,July,19,12,3,0,,Offline,4,3.0,0,3,,1,1,1,0
B0469,City,Deluxe,186,September,10,5,4,1,7000.0,Agent,3,2.0,0,5,1400.0,1,1,1,0
B0650,City,Standard,122,March,19,1,1,2,,Online,3,0.0,0,3,,0,0,1,0
B0140,Resort,Deluxe,263,July,1,10,2,0,,Agent,1,0.0,0,2,,1,1,0,0
B0624,City,Suite,229,November,30,13,2,1,,Offline,4,2.0,0,3,,1,1,1,0
B0433,Resort,Deluxe,186,February,11,11,2,0,,Agent,2,2.0,0,2,,1,1,1,0
B0003,Resort,Standard,156,August,29,10,4,0,7828.0,Agent,2,2.0,1,4,1957.0,1,1,1,0
B0110,City,Deluxe,186,June,1,2,4,0,5236.0,Offline,3,0.0,1,4,1309.0,1,0,1,0
B0008,City,Suite,128,August,13,6,3,2,9017.0,Agent,0,3.0,0,5,1803.4,1,1,0,1
B0860,Resort,Standard,186,December,14,1,3,1,3813.0,Agent,0,1.0,1,4,953.25,0,0,0,0
B0432,Resort,Standard,82,August,31,11,3,0,,Agent,1,2.0,1,3,,1,1,0,0
B0514,Resort,Standard,56,January,5,3,3,0,12000.0,Online,2,3.0,0,3,4000.0,1,0,1,1
B0756,City,Deluxe,186,May,16,2,4,1,12000.0,Offline,1,2.0,0,5,2400.0,1,0,0,1
B0885,Resort,Suite,186,April,16,12,1,1,5091.0,Offline,0,1.0,1,2,2545.5,1,1,0,0
B0040,Resort,Standard,186,January,20,4,1,0,,Agent,1,1.0,1,1,,1,0,0,0
B0437,Resort,Standard,186,November,2,5,1,2,,Agent,3,1.0,1,3,,1,1,1,0
B0917,City,Standard,20,January,22,12,3,1,,Agent,4,0.0,1,4,,1,1,1,0
B0190,Resort,Deluxe,186,May,4,2,1,1,,Agent,4,0.0,0,2,,1,0,1,0
B0381,City,Suite,141,October,13,2,1,1,12000.0,Online,4,1.0,0,2,6000.0,1,0,1,1
B0722,Resort,Standard,186,May,24,8,2,1,2717.0,Offline,3,0.0,0,3,905.6666666666666,1,1,1,0
B0259,Resort,Deluxe,229,July,3,8,4,0,,Offline,2,0.0,0,4,,1,1,1,0
B0063,City,Suite,186,November,18,14,1,1,,Agent,3,0.0,1,2,,1,1,1,0
B0212,City,Standard,81,October,23,1,4,2,6971.0,Agent,2,0.0,0,6,1161.8333333333333,0,0,1,0
B0176,City,Standard,273,May,2,11,2,2,,Online,1,1.0,0,4,,1,1,0,0
B0119,City,Suite,186,June,3,12,3,1,,Agent,0,0.0,1,4,,1,1,0,0
B0225,Resort,Standard,131,September,22,14,1,0,,Offline,3,1.0,1,1,,1,1,1,0
B0276,City,Suite,186,March,15,4,4,2,,Online,3,1.0,1,6,,1,0,1,0
B0190,City,Standard,186,December,6,11,3,0,7081.0,Offline,3,0.0,0,3,2360.3333333333335,1,1,1,0
B0072,City,Standard,218,August,30,11,4,0,12000.0,Online,4,0.0,1,4,3000.0,1,1,1,1
B0394,City,Standard,6,March,8,13,1,2,4336.0,Online,0,0.0,0,3,1445.3333333333333,1,1,0,0
B0838,Resort,Suite,43,March,16,13,4,1,,Agent,1,1.0,0,5,,1,1,0,0
B0557,Resort,Suite,278,January,27,1,1,2,,Offline,0,1.0,0,3,,0,0,0,0
B0233,Resort,Deluxe,186,November,10,4,4,0,10057.0,Online,1,0.0,1,4,2514.25,1,0,0,1
B0366,City,Suite,170,June,30,2,1,1,,Agent,4,1.0,0,2,,1,0,1,0
B0436,City,Suite,186,October,27,5,3,0,,Agent,2,0.0,0,3,,1,1,1,0
B0883,City,Suite,186,March,13,8,4,0,,Agent,1,0.0,1,4,,1,1,0,0
B0131,City,Deluxe,186,August,14,8,4,2,4264.0,Agent,3,0.0,1,6,710.6666666666666,1,1,1,0
B0552,Resort,Suite,274,July,3,10,4,1,12000.0,Offline,2,0.0,0,5,2400.0,1,1,1,1
B0872,City,Deluxe,186,March,30,2,1,2,7912.0,Agent,3,1.0,0,3,2637.3333333333335,1,0,1,0
B0996,Resort,Standard,107,January,24,3,1,1,8184.0,Agent,2,0.0,0,2,4092.0,1,0,1,1
B0109,City,Deluxe,300,January,5,6,2,0,6014.0,Online,4,3.0,0,2,3007.0,1,1,1,0
B0784,City,Deluxe,186,August,14,12,3,0,12000.0,Agent,0,1.0,0,3,4000.0,1,1,0,1
B0903,City,Suite,88,January,13,14,4,0,,Agent,1,3.0,0,4,,1,1,0,0
B0279,City,Suite,193,December,7,7,1,1,8427.0,Online,3,3.0,1,2,4213.5,1,1,1,1
B0669,Resort,Deluxe,84,June,21,7,2,2,3776.0,Online,2,0.0,1,4,944.0,1,1,1,0
B0029,City,Deluxe,83,February,7,10,1,2,5075.0,Online,1,2.0,0,3,1691.6666666666667,1,1,0,0
B0584,City,Suite,247,January,11,2,3,0,,Agent,4,1.0,1,3,,1,0,1,0
B0770,Resort,Suite,182,December,22,2,3,0,12000.0,Offline,0,0.0,1,3,4000.0,1,0,0,1
B0489,City,Deluxe,82,November,15,2,1,1,5533.0,Offline,4,0.0,0,2,2766.5,1,0,1,0
B0624,Resort,Deluxe,186,May,12,10,4,0,,Offline,1,0.0,0,4,,1,1,0,0
B0077,City,Suite,186,February,26,1,2,2,10964.0,Agent,0,3.0,1,4,2741.0,0,0,0,1
B0174,Resort,Standard,186,October,12,6,1,0,,Agent,3,2.0,1,1,,1,1,1,0
B0666,City,Standard,186,January,12,14,3,0,8701.0,Agent,2,0.0,0,3,2900.3333333333335,1,1,1,1
B0975,Resort,Deluxe,186,September,15,5,1,0,12000.0,Online,1,0.0,1,1,12000.0,1,1,0,1
B0385,City,Suite,204,April,13,14,4,0,,Agent,4,3.0,0,4,,1,1,1,0
B0088,City,Suite,186,July,7,7,3,0,,Agent,1,3.0,0,3,,1,1,0,0
B0286,Resort,Standard,279,August,5,11,2,2,11309.0,Agent,0,2.0,1,4,2827.25,1,1,0,1
B0485,City,Standard,108,November,14,5,3,1,3369.0,Online,2,3.0,0,4,842.25,1,1,1,0
B0306,Resort,Deluxe,268,November,29,5,2,0,,Agent,2,1.0,0,2,,1,1,1,0
B0358,Resort,Deluxe,243,December,14,6,4,0,11189.0,Online,4,0.0,0,4,2797.25,1,1,1,1
B0332,Resort,Standard,186,March,16,14,3,0,,Agent,4,0.0,1,3,,1,1,1,0
B0966,City,Suite,230,January,7,12,2,0,12000.0,Agent,1,2.0,0,2,6000.0,1,1,0,1
B0976,City,Suite,295,June,27,6,1,2,7029.0,Agent,3,3.0,1,3,2343.0,1,1,1,0
B0361,Resort,Suite,186,February,30,3,4,0,8113.0,Offline,4,3.0,1,4,2028.25,1,0,1,1
B0292,Resort,Suite,145,February,26,14,1,0,12000.0,Agent,0,3.0,0,1,12000.0,1,1,0,1
B0770,City,Suite,227,November,10,14,4,1,,Agent,0,1.0,1,5,,1,1,0,0
B0974,City,Deluxe,186,November,23,13,4,0,8138.0,Agent,2,2.0,1,4,2034.5,1,1,1,1
B0859,Resort,Suite,123,July,2,1,1,1,,Agent,2,1.0,0,2,,0,0,1,0
B0441,City,Suite,200,October,21,7,1,0,,Offline,3,2.0,0,1,,1,1,1,0
B0163,Resort,Standard,50,September,4,11,4,2,11058.0,Agent,1,0.0,0,6,1843.0,1,1,0,1
B0027,Resort,Standard,300,January,20,12,1,0,2414.0,Agent,2,1.0,0,1,2414.0,1,1,1,0
B0669,City,Deluxe,99,December,25,13,4,2,12000.0,Agent,0,1.0,0,6,2000.0,1,1,0,1
B0024,City,Standard,235,February,5,5,3,1,3520.0,Agent,2,1.0,1,4,880.0,1,1,1,0
B0104,Resort,Standard,211,August,31,11,1,1,,Agent,2,3.0,0,2,,1,1,1,0
B0185,Resort,Standard,91,February,11,6,4,0,,Online,1,0.0,0,4,,1,1,0,0
B0549,City,Suite,262,April,28,6,1,1,,Offline,1,0.0,0,2,,1,1,0,0
B0709,City,Deluxe,186,April,31,2,3,2,,Agent,4,3.0,0,5,,1,0,1,0
B0257,City,Standard,186,July,4,10,3,1,,Agent,3,3.0,0,4,,1,1,1,0
B0766,Resort,Deluxe,300,October,13,7,2,2,8126.0,Agent,1,0.0,0,4,2031.5,1,1,0,1
B0260,Resort,Deluxe,186,July,1,2,2,2,9035.0,Agent,1,0.0,0,4,2258.75,1,0,0,1
B0673,Resort,Deluxe,186,February,1,6,1,2,,Agent,1,0.0,0,3,,1,1,0,0
B0395,Resort,Suite,108,February,18,5,1,0,,Agent,2,1.0,0,1,,1,1,1,0
B0051,Resort,Deluxe,186,July,4,2,4,1,,Agent,1,0.0,0,5,,1,0,0,0
B0292,City,Suite,294,August,10,3,4,0,10740.0,Agent,0,0.0,1,4,2685.0,1,0,0,1
B0098,Resort,Suite,186,June,25,6,4,0,,Agent,4,0.0,1,4,,1,1,1,0
B0306,Resort,Deluxe,300,June,31,10,1,0,5670.0,Online,1,0.0,1,1,5670.0,1,1,0,0
B0883,Resort,Standard,87,April,24,13,3,0,12000.0,Agent,0,0.0,0,3,4000.0,1,1,0,1
B0970,Resort,Standard,186,December,20,13,4,2,12000.0,Offline,4,3.0,0,6,2000.0,1,1,1,1
B0130,Resort,Standard,186,November,15,11,1,1,,Agent,2,2.0,0,2,,1,1,1,0
B0495,City,Standard,186,December,3,6,2,1,12000.0,Online,3,0.0,0,3,4000.0,1,1,1,1
B0014,City,Deluxe,197,August,4,6,2,2,,Agent,1,0.0,0,4,,1,1,0,0
B0937,City,Standard,186,August,28,10,2,0,5079.0,Agent,3,1.0,0,2,2539.5,1,1,1,0
B0315,City,Standard,236,December,4,4,1,0,,Online,3,0.0,1,1,,1,0,1,0
B0361,Resort,Standard,281,June,14,4,2,0,,Agent,0,3.0,1,2,,1,0,0,0
B0379,City,Standard,186,December,30,7,2,2,,Offline,4,2.0,0,4,,1,1,1,0
B0623,Resort,Suite,221,November,2,11,2,0,5597.0,Online,0,0.0,1,2,2798.5,1,1,0,0
B0245,City,Suite,186,April,29,10,4,0,8437.0,Offline,2,3.0,0,4,2109.25,1,1,1,1
B0176,City,Deluxe,186,December,20,5,1,0,,Agent,1,1.0,1,1,,1,1,0,0
B0698,City,Standard,186,August,5,1,4,0,7473.0,Offline,2,0.0,0,4,1868.25,0,0,1,0
B0696,City,Suite,186,October,1,8,2,0,3792.0,Online,4,2.0,0,2,1896.0,1,1,1,0
B0538,City,Standard,48,May,26,12,3,0,,Agent,3,2.0,1,3,,1,1,1,0
B0470,City,Deluxe,186,September,25,11,4,0,6422.0,Offline,3,1.0,0,4,1605.5,1,1,1,0
B0146,Resort,Deluxe,15,October,24,12,4,2,5380.0,Offline,3,0.0,1,6,896.6666666666666,1,1,1,0
B0899,Resort,Suite,186,November,12,6,4,0,,Offline,0,0.0,0,4,,1,1,0,0
B0719,Resort,Suite,186,August,19,13,3,2,3805.0,Agent,1,3.0,0,5,761.0,1,1,0,0
B0154,Resort,Suite,285,May,16,5,1,2,,Online,1,2.0,0,3,,1,1,0,0
B0127,City,Deluxe,156,July,12,11,1,0,6119.0,Agent,2,0.0,0,1,6119.0,1,1,1,0
B0982,City,Standard,186,March,24,4,4,0,6764.0,Online,3,2.0,0,4,1691.0,1,0,1,0
B0832,Resort,Deluxe,204,May,30,5,3,1,,Agent,4,1.0,0,4,,1,1,1,0
B0787,City,Deluxe,186,September,7,5,3,0,,Offline,3,3.0,0,3,,1,1,1,0
B0142,Resort,Suite,186,August,12,7,4,0,,Online,4,0.0,1,4,,1,1,1,0
B0091,City,Suite,154,October,17,6,2,2,,Offline,3,0.0,1,4,,1,1,1,0
B0827,Resort,Standard,43,May,27,11,1,2,11737.0,Agent,4,3.0,0,3,3912.3333333333335,1,1,1,1
B0340,City,Standard,299,December,7,9,2,0,4234.0,Offline,2,2.0,0,2,2117.0,1,1,1,0
B0960,City,Deluxe,300,February,3,1,2,0,10516.0,Offline,1,0.0,1,2,5258.0,0,0,0,1
B0026,Resort,Deluxe,28,May,13,8,2,1,,Agent,4,0.0,1,3,,1,1,1,0
B0150,City,Standard,72,March,17,12,2,0,,Agent,0,0.0,1,2,,1,1,0,0
B0377,Resort,Deluxe,197,August,14,14,4,1,,Agent,0,0.0,1,5,,1,1,0,0
B0012,Resort,Standard,186,January,30,6,2,0,,Agent,0,1.0,1,2,,1,1,0,0
B0513,City,Deluxe,186,September,3,3,2,2,,Agent,1,2.0,0,4,,1,0,0,0
B0311,Resort,Standard,186,July,31,8,2,2,,Agent,4,0.0,1,4,,1,1,1,0
B0070,City,Standard,81,February,22,2,4,0,7302.0,Offline,0,1.0,0,4,1825.5,1,0,0,0
B0914,Resort,Deluxe,32,October,9,2,1,0,,Online,1,2.0,0,1,,1,0,0,0
B0716,Resort,Deluxe,68,April,9,8,4,2,5694.0,Offline,3,0.0,0,6,949.0,1,1,1,0
B0089,City,Suite,300,April,2,13,2,0,,Online,2,1.0,0,2,,1,1,1,0
B0748,Resort,Standard,186,September,12,6,2,0,,Agent,0,0.0,0,2,,1,1,0,0
B0131,Resort,Standard,186,April,2,10,3,0,,Agent,3,2.0,0,3,,1,1,1,0
B0894,City,Deluxe,38,September,30,10,3,0,12000.0,Online,4,3.0,1,3,4000.0,1,1,1,1
B0669,City,Standard,186,May,7,6,1,1,,Online,1,3.0,0,2,,1,1,0,0
B0825,City,Deluxe,186,October,24,10,1,0,,Online,0,0.0,1,1,,1,1,0,0
B0520,City,Suite,186,August,10,13,2,0,2906.0,Offline,4,0.0,1,2,1453.0,1,1,1,0
B0699,City,Suite,246,July,25,7,2,0,,Offline,0,3.0,0,2,,1,1,0,0
B0919,Resort,Deluxe,186,July,30,1,2,1,3507.0,Offline,3,0.0,0,3,1169.0,0,0,1,0
B0047,City,Suite,127,February,2,3,4,1,6630.0,Agent,2,0.0,0,5,1326.0,1,0,1,0
B0912,City,Deluxe,186,August,22,2,1,0,6099.0,Agent,2,1.0,1,1,6099.0,1,0,1,0
B0731,Resort,Deluxe,186,November,8,9,3,2,12000.0,Online,2,3.0,0,5,2400.0,1,1,1,1
B0974,Resort,Deluxe,40,March,27,9,2,2,12000.0,Online,2,1.0,0,4,3000.0,1,1,1,1
B0241,Resort,Suite,232,January,16,14,1,2,,Agent,0,0.0,1,3,,1,1,0,0
B0876,Resort,Deluxe,186,July,15,1,2,1,8214.0,Agent,4,0.0,0,3,2738.0,0,0,1,1
B0313,City,Suite,178,October,25,6,3,1,12000.0,Agent,4,3.0,1,4,3000.0,1,1,1,1
B0802,City,Standard,186,December,30,11,3,0,,Offline,3,3.0,0,3,,1,1,1,0
B0947,City,Standard,186,November,31,5,1,1,,Agent,4,3.0,0,2,,1,1,1,0
B0631,Resort,Deluxe,186,November,26,13,1,0,,Agent,1,3.0,1,1,,1,1,0,0
B0018,Resort,Standard,238,June,16,11,2,0,2959.0,Agent,4,0.0,1,2,1479.5,1,1,1,0
B0977,City,Deluxe,186,May,9,14,4,1,5726.0,Offline,4,0.0,0,5,1145.2,1,1,1,0
B0118,City,Standard,186,October,11,1,2,0,,Agent,0,2.0,0,2,,0,0,0,0
B0736,City,Suite,186,February,3,9,4,0,10372.0,Offline,1,2.0,0,4,2593.0,1,1,0,1
B0381,Resort,Standard,186,May,5,1,3,2,,Agent,3,2.0,0,5,,0,0,1,0
B0032,City,Deluxe,186,March,30,10,1,0,11978.0,Agent,4,0.0,0,1,11978.0,1,1,1,1
B0730,Resort,Standard,193,November,24,3,4,0,3266.0,Agent,4,0.0,0,4,816.5,1,0,1,0
B0818,City,Suite,186,June,9,4,3,1,7385.0,Agent,1,3.0,1,4,1846.25,1,0,0,0
B0767,City,Suite,186,December,31,7,3,0,7766.0,Agent,3,0.0,0,3,2588.6666666666665,1,1,1,0
B0460,Resort,Standard,291,September,8,13,4,1,,Agent,2,2.0,0,5,,1,1,1,0
B0084,Resort,Deluxe,258,October,16,11,2,1,9439.0,Offline,0,3.0,1,3,3146.3333333333335,1,1,0,1
B0784,Resort,Suite,51,January,27,7,1,1,3196.0,Agent,3,2.0,0,2,1598.0,1,1,1,0
B0412,City,Suite,150,June,29,14,3,0,12000.0,Online,2,3.0,1,3,4000.0,1,1,1,1
B0646,Resort,Suite,186,August,23,3,2,0,4494.0,Agent,3,3.0,1,2,2247.0,1,0,1,0
B0450,City,Suite,186,February,8,5,4,2,,Agent,2,3.0,1,6,,1,1,1,0
B0776,City,Standard,21,July,17,5,3,0,,Offline,0,2.0,1,3,,1,1,0,0
B0499,Resort,Standard,186,May,20,13,1,1,,Offline,0,1.0,0,2,,1,1,0,0
B0859,City,Standard,300,September,18,13,2,0,10001.0,Agent,1,2.0,0,2,5000.5,1,1,0,1
B0437,Resort,Suite,186,May,30,2,1,0,,Agent,0,1.0,1,1,,1,0,0,0
B0750,City,Deluxe,40,December,3,6,2,2,,Online,2,0.0,1,4,,1,1,1,0
B0103,Resort,Standard,285,November,21,1,2,1,,Offline,1,2.0,1,3,,0,0,0,0
B0156,Resort,Standard,186,March,7,11,1,1,,Online,3,0.0,0,2,,1,1,1,0
B0214,City,Standard,186,October,13,11,2,2,9933.0,Agent,1,2.0,0,4,2483.25,1,1,0,1
B0497,Resort,Suite,186,September,16,5,1,1,,Agent,3,2.0,0,2,,1,1,1,0
B0679,Resort,Standard,186,June,22,2,3,0,12000.0,Agent,3,0.0,1,3,4000.0,1,0,1,1
B0704,City,Standard,186,September,7,14,4,0,,Agent,2,3.0,1,4,,1,1,1,0
B0829,Resort,Deluxe,186,January,9,8,2,2,12000.0,Agent,3,3.0,0,4,3000.0,1,1,1,1
B0587,City,Suite,105,October,20,6,2,0,12000.0,Agent,0,2.0,1,2,6000.0,1,1,0,1
B0786,City,Suite,25,June,18,4,2,0,12000.0,Agent,1,2.0,1,2,6000.0,1,0,0,1
B0424,City,Suite,127,January,28,1,1,0,,Online,1,2.0,1,1,,0,0,0,0
B0025,City,Suite,300,January,9,12,1,0,,Offline,2,0.0,0,1,,1,1,1,0
B0076,Resort,Standard,7,February,24,10,4,1,,Agent,3,0.0,0,5,,1,1,1,0
B0024,Resort,Deluxe,234,February,9,11,4,0,,Online,1,3.0,0,4,,1,1,0,0
B0286,Resort,Deluxe,300,July,1,8,4,2,12000.0,Agent,1,0.0,0,6,2000.0,1,1,0,1
B0407,City,Deluxe,186,October,4,11,3,2,4355.0,Online,4,1.0,0,5,871.0,1,1,1,0
B0886,Resort,Suite,127,March,13,10,4,1,,Agent,3,2.0,0,5,,1,1,1,0
B0346,City,Standard,186,January,9,12,2,0,,Agent,1,2.0,1,2,,1,1,0,0
B0726,Resort,Suite,284,February,14,12,1,0,4085.0,Offline,4,0.0,0,1,4085.0,1,1,1,0
B0203,Resort,Standard,186,August,6,11,4,1,,Agent,0,2.0,0,5,,1,1,0,0
B0446,Resort,Suite,186,September,11,10,3,1,,Offline,4,2.0,0,4,,1,1,1,0
B0620,Resort,Deluxe,236,June,30,12,2,1,,Online,2,3.0,0,3,,1,1,1,0
B0154,Resort,Standard,186,December,7,4,1,0,7423.0,Online,4,3.0,0,1,7423.0,1,0,1,0
B0161,City,Deluxe,300,June,21,1,2,2,,Agent,2,0.0,1,4,,0,0,1,0
B0957,Resort,Suite,277,February,19,3,1,1,6587.0,Agent,4,0.0,0,2,3293.5,1,0,1,0
B0817,Resort,Deluxe,186,December,28,10,4,1,4754.0,Offline,1,0.0,0,5,950.8,1,1,0,0
B0151,City,Standard,243,June,3,1,2,0,,Agent,2,0.0,0,2,,0,0,1,0
B0247,Resort,Deluxe,186,June,10,14,3,0,11918.0,Offline,2,1.0,1,3,3972.6666666666665,1,1,1,1
B0574,Resort,Deluxe,186,November,4,9,4,2,4916.0,Agent,3,2.0,0,6,819.3333333333334,1,1,1,0
B0435,City,Suite,286,July,12,3,1,1,,Offline,0,0.0,1,2,,1,0,0,0
B0337,City,Deluxe,129,October,9,1,3,0,8525.0,Agent,2,0.0,0,3,2841.6666666666665,0,0,1,1
B0844,City,Suite,186,August,6,8,1,0,8054.0,Offline,1,1.0,0,1,8054.0,1,1,0,1
B0430,City,Standard,227,June,4,14,3,1,12000.0,Agent,2,1.0,0,4,3000.0,1,1,1,1
B0740,Resort,Suite,186,July,27,11,1,0,5161.0,Agent,0,1.0,1,1,5161.0,1,1,0,0
B0046,Resort,Suite,186,March,21,12,1,2,,Online,2,3.0,0,3,,1,1,1,0
B0857,City,Suite,237,February,30,2,2,0,,Online,1,0.0,0,2,,1,0,0,0
B0654,Resort,Deluxe,41,May,27,11,2,1,7087.0,Agent,2,1.0,1,3,2362.3333333333335,1,1,1,0
B0144,Resort,Deluxe,115,May,29,4,2,2,,Agent,0,3.0,1,4,,1,0,0,0
B0593,Resort,Deluxe,186,November,22,14,2,0,,Offline,4,0.0,0,2,,1,1,1,0
B0720,Resort,Deluxe,186,April,11,12,3,0,10409.0,Agent,1,3.0,1,3,3469.6666666666665,1,1,0,1
B0033,City,Suite,300,August,5,8,3,2,,Online,2,0.0,0,5,,1,1,1,0
B0368,City,Standard,186,June,11,11,1,1,,Offline,3,0.0,0,2,,1,1,1,0
B0771,City,Deluxe,186,October,19,12,4,0,9759.0,Agent,2,0.0,1,4,2439.75,1,1,1,1
B0495,Resort,Deluxe,20,September,4,7,4,2,,Online,1,0.0,0,6,,1,1,0,0
B0945,Resort,Suite,300,October,25,3,2,2,12000.0,Online,2,1.0,1,4,3000.0,1,0,1,1
B0470,Resort,Standard,235,November,5,4,2,2,7038.0,Offline,1,1.0,1,4,1759.5,1,0,0,0
B0093,City,Standard,186,January,16,3,3,0,,Offline,3,3.0,1,3,,1,0,1,0
B0724,City,Standard,198,June,25,3,4,2,,Agent,4,0.0,1,6,,1,0,1,0
B0501,City,Standard,300,April,12,6,3,0,,Online,1,1.0,1,3,,1,1,0,0
B0193,City,Standard,186,February,11,7,2,0,,Agent,3,3.0,0,2,,1,1,1,0
B0268,Resort,Standard,186,November,17,14,1,0,,Online,3,0.0,0,1,,1,1,1,0
B0327,City,Suite,186,November,15,1,4,0,8921.0,Agent,3,2.0,0,4,2230.25,0,0,1,1
B0650,City,Suite,186,August,23,6,3,0,12000.0,Agent,4,3.0,0,3,4000.0,1,1,1,1
B0082,City,Standard,186,April,17,14,4,0,,Agent,0,0.0,1,4,,1,1,0,0
B0472,Resort,Standard,186,May,14,6,3,0,,Offline,2,2.0,1,3,,1,1,1,0
B0018,Resort,Deluxe,152,October,4,6,1,0,6073.0,Online,4,0.0,0,1,6073.0,1,1,1,0
B0745,City,Suite,186,May,12,8,2,0,2665.0,Agent,2,0.0,0,2,1332.5,1,1,1,0
B0624,City,Deluxe,262,June,30,11,3,0,8565.0,Offline,2,0.0,1,3,2855.0,1,1,1,1
B0989,City,Standard,186,May,20,9,2,0,,Offline,3,2.0,0,2,,1,1,1,0
B0706,City,Deluxe,256,October,13,3,3,2,,Offline,0,3.0,0,5,,1,0,0,0
B0133,Resort,Deluxe,186,February,8,4,1,2,5621.0,Agent,4,3.0,0,3,1873.6666666666667,1,0,1,0
B0431,Resort,Suite,186,September,1,6,3,2,,Offline,3,3.0,0,5,,1,1,1,0
B0546,City,Suite,186,July,2,11,1,0,,Online,1,0.0,1,1,,1,1,0,0
B0312,Resort,Deluxe,186,January,5,10,2,2,,Agent,0,2.0,0,4,,1,1,0,0
B0762,Resort,Standard,192,July,20,14,1,0,8483.0,Offline,0,0.0,1,1,8483.0,1,1,0,1
B0183,City,Suite,186,June,25,4,4,2,,Online,2,0.0,0,6,,1,0,1,0
B0546,Resort,Standard,186,August,10,14,4,1,,Agent,0,0.0,1,5,,1,1,0,0
B0782,Resort,Suite,88,July,19,11,4,0,8722.0,Online,4,1.0,0,4,2180.5,1,1,1,1
B0625,City,Suite,186,January,11,10,2,1,,Online,2,0.0,0,3,,1,1,1,0
B0616,Resort,Suite,261,March,15,6,2,1,9736.0,Agent,1,2.0,0,3,3245.3333333333335,1,1,0,1
B0916,City,Standard,186,August,8,11,4,1,,Online,4,2.0,0,5,,1,1,1,0
B0251,Resort,Suite,35,December,2,11,4,0,8313.0,Agent,2,0.0,0,4,2078.25,1,1,1,1
B0733,City,Deluxe,246,May,26,7,1,2,,Agent,0,0.0,0,3,,1,1,0,0
B0868,Resort,Suite,57,June,14,11,3,1,,Offline,2,0.0,1,4,,1,1,1,0
B0658,City,Deluxe,186,April,25,5,3,2,,Agent,3,2.0,0,5,,1,1,1,0
B0282,City,Standard,186,January,8,6,3,2,7024.0,Agent,3,3.0,0,5,1404.8,1,1,1,0
B0302,City,Suite,300,March,20,5,4,2,12000.0,Online,1,0.0,1,6,2000.0,1,1,0,1
B0152,City,Deluxe,186,August,20,3,3,1,,Agent,3,3.0,0,4,,1,0,1,0
B0174,Resort,Standard,186,January,22,2,3,1,7067.0,Offline,1,2.0,0,4,1766.75,1,0,0,0
B0797,City,Suite,186,August,15,10,1,1,12000.0,Agent,0,3.0,0,2,6000.0,1,1,0,1
B0102,Resort,Suite,186,September,31,9,1,0,9317.0,Offline,2,1.0,0,1,9317.0,1,1,1,1
B0959,City,Standard,186,March,2,10,3,2,3496.0,Online,1,0.0,1,5,699.2,1,1,0,0
B0063,City,Standard,186,August,4,9,1,2,12000.0,Offline,3,0.0,1,3,4000.0,1,1,1,1
B0086,Resort,Standard,51,October,16,5,1,0,,Offline,4,0.0,1,1,,1,1,1,0
B0001,Resort,Deluxe,186,August,21,3,3,0,,Agent,2,0.0,0,3,,1,0,1,0
B0350,Resort,Suite,186,November,15,2,2,0,,Agent,3,1.0,0,2,,1,0,1,0
B0068,Resort,Suite,155,August,11,11,2,1,12000.0,Offline,1,2.0,0,3,4000.0,1,1,0,1
B0313,Resort,Suite,241,November,10,10,2,1,7304.0,Offline,3,1.0,0,3,2434.6666666666665,1,1,1,0
B0625,City,Deluxe,186,November,20,13,4,2,,Agent,2,2.0,0,6,,1,1,1,0
B0314,Resort,Suite,186,August,10,7,4,0,,Online,3,2.0,0,4,,1,1,1,0
B0825,City,Deluxe,140,December,7,4,3,2,8119.0,Agent,3,3.0,1,5,1623.8,1,0,1,1
B0572,City,Standard,186,May,4,2,2,1,,Agent,0,3.0,0,3,,1,0,0,0
B0983,Resort,Standard,186,January,4,1,3,2,,Agent,2,0.0,1,5,,0,0,1,0
B0138,City,Deluxe,211,March,19,5,2,0,9180.0,Agent,4,0.0,0,2,4590.0,1,1,1,1
B0267,Resort,Suite,11,February,28,13,3,2,,Offline,1,2.0,1,5,,1,1,0,0
B0234,Resort,Deluxe,170,November,23,5,3,0,4298.0,Agent,3,3.0,1,3,1432.6666666666667,1,1,1,0
B0818,City,Suite,186,January,19,7,1,2,,Agent,4,2.0,0,3,,1,1,1,0
B0069,City,Suite,47,September,6,13,1,0,11994.0,Online,3,2.0,1,1,11994.0,1,1,1,1
B0463,City,Suite,169,March,21,10,3,0,,Online,3,0.0,1,3,,1,1,1,0
B0007,Resort,Standard,4,June,14,3,3,1,,Agent,1,0.0,1,4,,1,0,0,0
B0915,City,Standard,75,May,6,2,1,0,12000.0,Agent,0,2.0,1,1,12000.0,1,0,0,1
B0951,City,Suite,106,May,6,7,3,1,,Online,1,3.0,0,4,,1,1,0,0
B0855,Resort,Standard,227,July,2,8,4,0,5254.0,Agent,4,0.0,0,4,1313.5,1,1,1,0
B0993,City,Suite,296,March,25,4,1,0,,Agent,3,1.0,0,1,,1,0,1,0
B0093,Resort,Deluxe,130,August,1,1,4,0,8558.0,Agent,2,2.0,0,4,2139.5,0,0,1,1
B0445,Resort,Standard,300,November,21,13,4,0,,Agent,0,1.0,0,4,,1,1,0,0
B0182,City,Standard,265,March,23,8,1,0,11768.0,Agent,2,0.0,1,1,11768.0,1,1,1,1
B0844,City,Deluxe,88,September,31,3,2,2,3792.0,Online,3,1.0,1,4,948.0,1,0,1,0
B0414,Resort,Deluxe,186,January,26,1,3,0,9708.0,Offline,3,0.0,0,3,3236.0,0,0,1,1
B0387,City,Standard,51,June,29,4,1,0,3086.0,Agent,3,3.0,0,1,3086.0,1,0,1,0
B0451,City,Suite,300,May,16,8,3,1,,Online,3,3.0,0,4,,1,1,1,0
B0852,City,Standard,112,March,8,11,1,0,,Agent,4,0.0,0,1,,1,1,1,0
B0232,Resort,Standard,186,June,23,8,3,1,,Agent,1,0.0,0,4,,1,1,0,0
B0958,City,Suite,197,April,6,1,2,0,5896.0,Agent,2,0.0,0,2,2948.0,0,0,1,0
B0493,Resort,Deluxe,186,August,7,8,3,0,,Agent,2,1.0,1,3,,1,1,1,0
B0350,Resort,Suite,233,November,28,6,3,0,,Agent,0,0.0,0,3,,1,1,0,0
B0097,City,Deluxe,56,September,23,5,2,2,,Agent,4,0.0,0,4,,1,1,1,0
B0187,Resort,Suite,99,November,8,13,1,1,,Offline,4,0.0,0,2,,1,1,1,0
B0049,Resort,Suite,117,June,6,2,2,1,12000.0,Agent,1,2.0,0,3,4000.0,1,0,0,1
B0983,Resort,Deluxe,186,August,15,6,2,2,2005.0,Agent,4,2.0,0,4,501.25,1,1,1,0
B0946,City,Standard,210,March,16,14,2,1,8410.0,Agent,3,0.0,0,3,2803.3333333333335,1,1,1,1
B0255,Resort,Standard,186,March,29,7,1,1,,Offline,2,2.0,0,2,,1,1,1,0
B0653,City,Suite,159,November,20,8,2,0,6895.0,Agent,1,0.0,0,2,3447.5,1,1,0,0
B0350,Resort,Standard,186,February,21,8,4,1,,Agent,1,0.0,0,5,,1,1,0,0
B0091,Resort,Standard,186,December,31,7,4,0,12000.0,Agent,2,2.0,0,4,3000.0,1,1,1,1
B0521,Resort,Deluxe,186,June,3,1,1,0,,Offline,4,3.0,0,1,,0,0,1,0
B0273,City,Suite,186,October,17,14,4,0,11857.0,Online,4,0.0,0,4,2964.25,1,1,1,1
B0990,City,Deluxe,186,July,23,12,1,2,,Agent,4,0.0,0,3,,1,1,1,0
B0963,Resort,Suite,221,April,19,3,1,2,,Agent,0,3.0,1,3,,1,0,0,0
B0368,Resort,Deluxe,186,August,26,1,3,0,,Offline,1,0.0,0,3,,0,0,0,0
B0664,Resort,Suite,186,March,28,8,1,2,7763.0,Agent,2,0.0,0,3,2587.6666666666665,1,1,1,0
B0093,Resort,Deluxe,186,November,6,13,4,1,,Agent,2,3.0,1,5,,1,1,1,0
B0773,City,Standard,165,February,7,10,3,2,12000.0,Agent,4,0.0,0,5,2400.0,1,1,1,1
B0096,City,Suite,186,May,5,12,3,2,8500.0,Agent,0,2.0,0,5,1700.0,1,1,0,1
B0584,City,Deluxe,186,January,8,9,2,2,,Offline,1,1.0,0,4,,1,1,0,0
B0451,City,Standard,186,April,31,1,4,0,8791.0,Agent,1,0.0,0,4,2197.75,0,0,0,1
B0410,Resort,Suite,186,May,14,6,3,1,,Online,1,2.0,0,4,,1,1,0,0
B0253,City,Standard,186,September,11,2,2,2,12000.0,Agent,2,0.0,0,4,3000.0,1,0,1,1
B0472,Resort,Deluxe,186,February,31,3,1,0,11158.0,Agent,3,1.0,0,1,11158.0,1,0,1,1
B0699,Resort,Standard,186,December,1,12,4,0,12000.0,Agent,1,3.0,1,4,3000.0,1,1,0,1
B0552,Resort,Deluxe,186,March,25,9,3,0,11987.0,Agent,4,0.0,0,3,3995.6666666666665,1,1,1,1
B0629,City,Suite,211,December,7,4,2,1,,Online,2,0.0,0,3,,1,0,1,0
B0969,Resort,Suite,186,July,13,12,4,1,7624.0,Online,2,2.0,0,5,1524.8,1,1,1,0
B0725,Resort,Deluxe,255,March,9,7,2,1,7754.0,Agent,3,0.0,0,3,2584.6666666666665,1,1,1,0
B0264,City,Suite,31,November,12,2,2,0,10669.0,Online,2,3.0,1,2,5334.5,1,0,1,1
B0029,Resort,Standard,88,November,20,8,2,1,7656.0,Offline,4,2.0,0,3,2552.0,1,1,1,0
B0182,Resort,Suite,90,August,1,10,1,0,,Online,2,1.0,0,1,,1,1,1,0
B0531,City,Standard,254,October,5,10,3,0,,Agent,0,0.0,0,3,,1,1,0,0
B0347,City,Deluxe,72,August,7,13,4,0,7870.0,Agent,4,0.0,0,4,1967.5,1,1,1,0
B0094,Resort,Suite,186,September,21,4,3,2,,Offline,2,3.0,1,5,,1,0,1,0
B0446,Resort,Standard,251,August,4,6,4,0,,Agent,0,0.0,0,4,,1,1,0,0
B0193,City,Deluxe,300,November,11,12,1,0,,Agent,1,2.0,0,1,,1,1,0,0
B0054,Resort,Suite,260,September,12,11,1,1,,Offline,1,2.0,0,2,,1,1,0,0
B0732,City,Deluxe,105,January,30,7,2,0,6758.0,Offline,2,1.0,1,2,3379.0,1,1,1,0
B0847,City,Deluxe,205,March,5,10,2,2,,Offline,2,3.0,0,4,,1,1,1,0
B0011,Resort,Deluxe,186,April,27,13,4,2,11832.0,Agent,0,3.0,0,6,1972.0,1,1,0,1
B0679,City,Standard,300,February,6,13,4,0,,Offline,2,3.0,1,4,,1,1,1,0
B0550,Resort,Deluxe,186,February,25,2,4,1,,Offline,1,0.0,0,5,,1,0,0,0
B0481,Resort,Standard,57,January,27,7,2,0,12000.0,Offline,3,0.0,1,2,6000.0,1,1,1,1
B0449,City,Deluxe,300,November,30,9,2,1,,Online,4,0.0,0,3,,1,1,1,0
B0350,Resort,Standard,186,April,29,11,1,0,8226.0,Agent,4,0.0,0,1,8226.0,1,1,1,1
B0189,City,Deluxe,186,January,28,8,1,1,,Offline,1,0.0,1,2,,1,1,0,0
B0059,City,Suite,186,September,18,1,2,2,8068.0,Offline,0,1.0,0,4,2017.0,0,0,0,1
B0391,City,Suite,186,October,4,14,2,0,11234.0,Online,3,0.0,0,2,5617.0,1,1,1,1
B0396,Resort,Suite,186,August,30,12,2,0,,Agent,3,3.0,0,2,,1,1,1,0
B0466,Resort,Standard,186,November,24,3,4,2,,Online,3,2.0,0,6,,1,0,1,0
B0044,Resort,Deluxe,300,July,5,14,3,1,,Agent,3,3.0,1,4,,1,1,1,0
B0976,Resort,Deluxe,186,June,22,7,2,1,6030.0,Offline,4,1.0,0,3,2010.0,1,1,1,0
B0676,Resort,Deluxe,186,June,21,5,2,0,,Online,4,3.0,1,2,,1,1,1,0
B0927,Resort,Standard,102,June,18,3,4,0,,Online,1,3.0,0,4,,1,0,0,0
