booking_id,hotel_type,room_type,lead_time,arrival_month,arrival_day,stay_nights,adults,children,price_per_night,booking_channel,previous_cancellations,special_requests,is_canceled
B0655,City,Standard,140.0,April,5,12,1,0.0,,Online,0,0.0,0.0
B0239,City,Suite,,April,15,10,3,0.0,14432.0,,2,2.0,0.0
B0221,Resort,Standard,,February,12,14,3,2.0,,Online,3,0.0,
B0301,Resort,Suite,98.0,January,22,4,3,0.0,5814.0,,2,3.0,
B0855,Resort,Standard,,April,22,5,1,1.0,10751.0,Offline,3,3.0,1.0
B0948,City,Suite,166.0,April,27,1,3,,6386.0,Offline,4,2.0,0.0
B0672,Resort,Deluxe,,March,9,3,2,2.0,,,2,1.0,0.0
B0522,Resort,Standard,24.0,March,21,3,4,0.0,,,4,2.0,
B0882,City,Suite,,November,11,2,3,,,Online,2,,0.0
B0520,City,Suite,152.0,March,12,13,2,0.0,,,0,0.0,1.0
B0900,Resort,Standard,29.0,October,31,2,1,,3133.0,Offline,3,,0.0
B0272,Resort,Standard,276.0,December,10,7,3,,,Online,1,1.0,0.0
B0347,City,Suite,283.0,October,8,1,1,0.0,5750.0,Online,2,0.0,
B0244,Resort,Suite,248.0,September,5,12,4,1.0,,,1,0.0,0.0
B0675,Resort,Deluxe,,August,28,12,1,0.0,,Agent,0,1.0,0.0
B0195,Resort,Standard,216.0,May,15,4,1,,11016.0,Online,4,0.0,0.0
B0949,City,Standard,,August,7,14,4,0.0,,Online,3,2.0,1.0
B0293,Resort,Suite,,March,7,5,2,0.0,11489.0,Agent,0,0.0,
B0489,City,Standard,260.0,March,3,10,1,1.0,8615.0,Offline,4,,0.0
B0635,City,Deluxe,,May,7,11,3,1.0,,Offline,2,3.0,1.0
B0952,City,Standard,234.0,February,18,4,3,1.0,7718.0,Offline,2,2.0,0.0
B0449,Resort,Suite,334.0,November,27,9,3,0.0,,Online,0,,0.0
B0279,Resort,Suite,,April,22,11,3,,6114.0,Online,3,2.0,0.0
B0004,Resort,Standard,,March,24,8,4,0.0,3832.0,Offline,4,0.0,1.0
B0597,City,Deluxe,65.0,May,12,13,1,2.0,5441.0,Online,2,,1.0
B0998,City,Standard,83.0,July,1,3,3,,12975.0,Agent,1,0.0,1.0
B0894,City,Deluxe,113.0,August,12,5,2,1.0,2387.0,,2,2.0,0.0
B0991,Resort,Deluxe,,November,27,9,3,0.0,,Offline,4,2.0,0.0
B0112,Resort,Deluxe,,October,17,2,4,1.0,6173.0,,0,,
B0704,City,Deluxe,220.0,November,30,6,3,0.0,,Agent,3,2.0,1.0
B0714,Resort,Suite,65.0,July,22,7,2,2.0,8653.0,Agent,2,1.0,1.0
B0805,Resort,Deluxe,,November,7,9,4,1.0,12794.0,Agent,4,,1.0
B0096,City,Suite,158.0,April,5,1,1,1.0,9784.0,,3,,0.0
B0736,Resort,Deluxe,204.0,March,21,12,1,0.0,,Offline,1,,1.0
B0052,City,Standard,233.0,August,22,9,3,,,,1,3.0,1.0
B0266,City,Suite,,November,8,5,4,0.0,,Offline,2,2.0,1.0
B0915,City,Standard,77.0,July,23,3,2,0.0,,Agent,4,3.0,1.0
B0064,City,Deluxe,199.0,October,13,8,1,2.0,,,4,,
B0920,City,Deluxe,,July,16,1,4,2.0,,Offline,3,1.0,
B0547,City,Deluxe,303.0,February,21,7,2,,4977.0,Agent,3,2.0,0.0
B0466,Resort,Deluxe,,July,9,14,1,,2317.0,Agent,1,0.0,
B0042,City,Standard,102.0,October,5,4,2,,12968.0,Offline,3,2.0,1.0
B0172,City,Standard,159.0,October,1,5,4,,13714.0,Online,4,1.0,0.0
B0714,Resort,Suite,307.0,October,26,1,3,,,Online,4,2.0,0.0
B0870,Resort,Deluxe,,June,21,14,4,1.0,9135.0,Agent,4,,1.0
B0477,Resort,Suite,,June,28,4,1,2.0,9385.0,,4,,
B0389,Resort,Standard,,March,16,4,3,2.0,,Agent,4,0.0,
B0971,City,Standard,,August,18,13,2,,,,0,0.0,1.0
B0227,Resort,Suite,,November,19,6,4,2.0,,Agent,3,2.0,1.0
B0258,City,Standard,,February,24,9,2,1.0,,Agent,4,,
B0290,City,Standard,151.0,June,6,5,1,1.0,6494.0,Online,4,2.0,
B0967,City,Suite,251.0,January,19,5,4,,,Offline,0,2.0,1.0
B0117,City,Deluxe,251.0,October,21,11,1,1.0,,Online,1,0.0,
B0783,Resort,Suite,305.0,September,13,8,4,2.0,,Agent,4,,0.0
B0625,City,Standard,320.0,May,22,2,2,1.0,4847.0,Offline,0,3.0,1.0
B0706,Resort,Deluxe,16.0,May,23,5,4,0.0,13262.0,Agent,4,1.0,1.0
B0118,City,Suite,,March,3,1,2,2.0,,,0,3.0,
B0312,Resort,Deluxe,,August,3,10,1,,,Agent,0,0.0,0.0
B0985,City,Suite,137.0,March,16,9,4,2.0,,,0,3.0,1.0
B0419,Resort,Deluxe,343.0,March,11,7,4,2.0,,Online,3,0.0,1.0
B0259,Resort,Standard,206.0,November,28,9,4,,2888.0,Agent,4,3.0,
B0453,City,Standard,136.0,May,15,12,4,0.0,2472.0,Offline,2,,0.0
B0566,Resort,Standard,115.0,August,31,2,2,,,Agent,3,3.0,1.0
B0250,Resort,Suite,,April,30,10,2,0.0,,Agent,4,2.0,0.0
B0290,Resort,Suite,,March,15,9,4,2.0,,,2,1.0,
B0245,Resort,Standard,210.0,June,24,8,4,,12873.0,,0,1.0,
B0989,Resort,Standard,225.0,September,30,8,1,1.0,8717.0,Online,3,2.0,1.0
B0639,Resort,Suite,,November,28,9,4,2.0,,Online,4,0.0,0.0
B0647,Resort,Standard,,February,25,11,1,,,Online,0,2.0,0.0
B0301,Resort,Deluxe,220.0,April,17,7,2,1.0,4868.0,,4,1.0,1.0
B0935,City,Standard,,August,9,11,1,,6712.0,Online,3,2.0,
B0307,Resort,Suite,,May,7,7,4,0.0,,Agent,4,2.0,
B0303,City,Suite,,January,19,14,1,,6689.0,Agent,1,1.0,
B0257,City,Suite,49.0,May,26,8,1,2.0,13998.0,Online,2,2.0,
B0426,City,Standard,,September,17,5,2,2.0,,Agent,0,3.0,0.0
B0145,City,Suite,,September,12,2,4,0.0,6332.0,,2,2.0,
B0391,Resort,Standard,345.0,August,1,10,3,1.0,12611.0,,2,3.0,0.0
B0144,City,Standard,,February,4,4,2,,,,4,1.0,1.0
B0671,City,Deluxe,,May,2,12,3,1.0,,Offline,2,0.0,
B0377,Resort,Standard,,April,31,2,4,0.0,12858.0,Online,0,2.0,0.0
B0129,City,Standard,283.0,October,7,14,2,2.0,14687.0,Online,2,1.0,0.0
B0554,Resort,Standard,56.0,March,1,6,2,2.0,2258.0,Agent,0,1.0,
B0432,City,Suite,,August,25,6,1,,10254.0,Online,4,2.0,1.0
B0659,City,Standard,,July,22,2,4,,3204.0,Agent,4,1.0,0.0
B0130,Resort,Suite,,July,20,9,3,,,Online,0,,
B0887,City,Deluxe,231.0,July,11,14,4,,8815.0,Agent,3,2.0,
B0262,Resort,Standard,,February,3,14,1,0.0,9075.0,Agent,1,,0.0
B0601,Resort,Suite,,June,28,11,4,0.0,,Agent,0,,
B0218,City,Suite,246.0,February,12,14,3,0.0,,Offline,3,,
B0629,City,Suite,,January,6,5,3,2.0,7751.0,Offline,1,,
B0411,City,Standard,324.0,February,24,9,2,,,Agent,1,2.0,1.0
B0739,Resort,Suite,305.0,January,5,3,1,0.0,,,3,,1.0
B0425,Resort,Standard,262.0,June,14,2,3,,,Online,1,3.0,
B0057,City,Standard,154.0,March,25,5,3,2.0,3965.0,,3,1.0,0.0
B0390,City,Suite,,February,13,14,1,,,Online,2,,1.0
B0588,Resort,Suite,,May,4,7,1,2.0,,Agent,0,3.0,0.0
B0250,Resort,Suite,205.0,July,28,5,3,1.0,7456.0,Online,4,0.0,
B0523,City,Deluxe,179.0,April,4,3,3,1.0,4842.0,Online,1,3.0,1.0
B0773,Resort,Suite,,November,11,3,4,0.0,,Agent,2,,0.0
B0361,City,Deluxe,,January,2,6,3,0.0,12562.0,,3,,
B0978,City,Deluxe,292.0,June,20,8,2,0.0,9381.0,Agent,0,,
B0177,City,Standard,,August,17,9,2,2.0,,,3,2.0,
B0613,City,Suite,,February,11,2,4,2.0,6128.0,Agent,0,,
B0145,Resort,Deluxe,,March,20,12,1,2.0,,Agent,1,,0.0
B0662,Resort,Suite,185.0,June,10,3,2,2.0,,Offline,1,1.0,0.0
B0080,Resort,Standard,259.0,November,11,13,2,,4527.0,Offline,4,1.0,
B0449,City,Deluxe,186.0,August,20,5,4,1.0,10749.0,Agent,3,1.0,1.0
B0695,Resort,Deluxe,,September,17,7,2,1.0,11906.0,Agent,0,3.0,1.0
B0568,City,Suite,264.0,May,3,13,2,2.0,9361.0,,0,1.0,1.0
B0906,Resort,Standard,212.0,July,17,6,2,,,Offline,0,2.0,0.0
B0860,Resort,Standard,70.0,May,30,14,4,1.0,,,4,0.0,0.0
B0020,Resort,Standard,,February,25,5,2,2.0,3996.0,Offline,3,,1.0
B0065,City,Deluxe,305.0,November,17,10,2,1.0,,Online,4,2.0,0.0
B0585,Resort,Standard,340.0,September,12,2,1,,9702.0,,2,2.0,
B0017,Resort,Standard,176.0,December,22,11,1,2.0,4185.0,Agent,4,2.0,
B0180,Resort,Suite,245.0,March,3,12,4,0.0,6807.0,Online,1,0.0,1.0
B0956,Resort,Suite,,May,2,13,2,2.0,7848.0,Agent,2,0.0,1.0
B0448,Resort,Suite,,June,6,8,4,2.0,,Online,3,0.0,1.0
B0617,City,Suite,,February,3,6,3,2.0,,Offline,3,2.0,1.0
B0044,Resort,Suite,,November,26,1,1,,7952.0,Online,1,,
B0801,Resort,Standard,64.0,April,25,11,3,2.0,8272.0,Offline,3,2.0,1.0
B0455,City,Suite,,July,11,11,3,1.0,3858.0,Offline,3,,1.0
B0936,City,Deluxe,,April,20,5,4,1.0,4009.0,Online,3,1.0,
B0456,City,Suite,,December,3,9,3,2.0,4580.0,Agent,4,1.0,0.0
B0206,City,Standard,252.0,June,18,10,3,,11038.0,Online,0,2.0,1.0
B0735,Resort,Suite,,October,3,3,3,0.0,,Agent,1,,
B0602,City,Standard,221.0,February,17,3,3,1.0,,Offline,2,,1.0
B0867,City,Deluxe,,March,21,5,1,1.0,11696.0,Offline,4,,1.0
B0863,City,Standard,41.0,November,25,10,3,1.0,,Online,3,,1.0
B0658,Resort,Deluxe,,May,15,2,1,1.0,,,3,1.0,1.0
B0622,City,Deluxe,,July,5,13,3,0.0,7228.0,,0,2.0,1.0
B0254,City,Standard,,July,28,10,4,1.0,,Agent,1,1.0,1.0
B0528,Resort,Deluxe,,January,3,7,4,1.0,,Online,0,2.0,1.0
B0612,Resort,Deluxe,274.0,February,14,3,3,2.0,,Agent,0,3.0,0.0
B0584,City,Deluxe,,February,13,9,4,2.0,12211.0,Offline,0,3.0,1.0
B0814,Resort,Suite,187.0,April,20,9,4,0.0,2742.0,Offline,2,3.0,
B0468,City,Suite,263.0,June,30,10,3,1.0,,Agent,4,,
B0502,Resort,Deluxe,,June,22,2,4,2.0,13883.0,,2,,
B0234,City,Suite,245.0,September,21,12,4,1.0,13153.0,Online,4,0.0,0.0
B0020,Resort,Deluxe,214.0,July,23,4,4,,14055.0,Offline,4,1.0,
B0333,Resort,Suite,,March,15,9,3,2.0,,,1,1.0,1.0
B0572,Resort,Standard,,December,7,12,4,2.0,,Agent,2,0.0,
B0693,Resort,Deluxe,176.0,May,2,5,1,2.0,,,1,1.0,
B0278,Resort,Standard,55.0,April,2,11,2,1.0,2860.0,,2,3.0,0.0
B0698,City,Standard,281.0,July,21,8,4,1.0,,Agent,2,0.0,0.0
B0668,City,Suite,19.0,July,29,14,2,0.0,,Offline,2,0.0,0.0
B0306,City,Deluxe,,November,18,9,4,1.0,,Agent,1,0.0,1.0
B0167,Resort,Suite,131.0,January,24,6,3,1.0,,,4,2.0,0.0
B0411,City,Standard,,June,30,4,1,2.0,8284.0,,2,2.0,1.0
B0597,City,Deluxe,,December,8,1,1,,7026.0,,4,2.0,
B0121,Resort,Deluxe,314.0,April,31,3,4,1.0,,,4,3.0,
B0822,City,Standard,348.0,September,15,9,3,0.0,11243.0,Online,4,,0.0
B0587,City,Standard,,February,22,4,4,0.0,,Online,3,1.0,
B0426,Resort,Suite,,November,26,5,1,,6169.0,Offline,4,0.0,0.0
B0434,Resort,Suite,32.0,February,30,8,1,2.0,8698.0,Offline,3,2.0,1.0
B0460,Resort,Deluxe,41.0,November,28,6,1,1.0,,Offline,1,0.0,0.0
B0306,Resort,Suite,,September,13,14,2,1.0,,Offline,2,1.0,
B0784,City,Standard,,October,25,1,2,1.0,3102.0,Online,3,,
B0721,City,Standard,,August,8,9,2,0.0,,Offline,4,2.0,
B0613,Resort,Standard,154.0,November,17,4,4,2.0,6508.0,Offline,3,,1.0
B0049,Resort,Suite,,September,11,12,4,,,,1,,1.0
B0247,City,Deluxe,362.0,August,30,1,4,,11130.0,,1,2.0,0.0
B0339,City,Deluxe,189.0,September,24,14,2,0.0,,Online,0,1.0,
B0742,City,Deluxe,,May,31,1,2,1.0,14148.0,,1,,
B0210,Resort,Standard,,May,13,8,3,2.0,,,3,0.0,
B0481,Resort,Standard,,July,2,10,2,1.0,,,2,1.0,0.0
B0338,City,Deluxe,291.0,August,18,11,3,2.0,,,3,1.0,
B0815,Resort,Standard,,March,30,9,1,0.0,3217.0,Online,3,1.0,
B0237,City,Suite,77.0,April,17,8,3,0.0,,,0,0.0,
B0565,Resort,Standard,,September,10,1,4,1.0,3753.0,Offline,1,1.0,
B0540,Resort,Deluxe,,February,12,7,4,1.0,13423.0,Agent,0,0.0,0.0
B0416,Resort,Deluxe,,January,21,1,2,0.0,,Agent,4,0.0,
B0942,City,Standard,,May,2,2,3,0.0,,Online,1,,0.0
B0771,Resort,Standard,153.0,October,8,10,4,2.0,8288.0,Online,4,2.0,0.0
B0101,Resort,Standard,,October,25,10,4,2.0,,,3,1.0,1.0
B0567,Resort,Deluxe,,February,25,10,3,1.0,13683.0,Online,2,1.0,1.0
B0729,City,Suite,,June,4,2,1,2.0,,Agent,0,1.0,0.0
B0192,Resort,Deluxe,,February,1,2,3,0.0,,,0,2.0,1.0
B0398,City,Suite,286.0,October,17,3,4,1.0,,Agent,2,3.0,0.0
B0065,City,Deluxe,,May,16,13,1,2.0,6123.0,,4,,0.0
B0469,City,Standard,155.0,July,11,14,4,2.0,,,4,1.0,1.0
B0329,City,Deluxe,160.0,July,31,6,3,,11435.0,Agent,3,2.0,1.0
B0374,City,Suite,102.0,November,25,9,1,,13605.0,,2,0.0,1.0
B0690,Resort,Standard,,April,9,11,2,,,Online,3,,1.0
B0597,Resort,Suite,,September,2,13,3,0.0,3791.0,Agent,1,,0.0
B0577,Resort,Deluxe,220.0,January,4,5,2,1.0,,,3,,
B0513,City,Deluxe,,February,10,7,1,0.0,13962.0,Agent,2,2.0,1.0
B0804,City,Suite,,August,4,8,4,2.0,,Online,0,0.0,1.0
B0664,City,Suite,84.0,September,6,9,2,2.0,,,1,3.0,
B0189,City,Suite,,July,1,12,2,,,,0,1.0,0.0
B0286,City,Suite,52.0,June,11,4,4,0.0,,Agent,4,3.0,
B0402,City,Deluxe,,October,6,14,3,0.0,13011.0,Agent,0,1.0,1.0
B0120,City,Deluxe,355.0,September,13,7,2,,8931.0,,4,1.0,
B0171,Resort,Deluxe,71.0,June,27,8,1,2.0,,Offline,1,3.0,
B0518,Resort,Deluxe,,July,23,14,4,,4740.0,Online,1,2.0,0.0
B0282,City,Suite,147.0,August,19,12,4,0.0,11383.0,Agent,4,2.0,
B0843,City,Suite,225.0,July,4,12,2,2.0,,Agent,2,0.0,1.0
B0887,City,Standard,,December,20,11,4,1.0,12095.0,Offline,1,0.0,
B0360,Resort,Suite,275.0,June,23,5,3,2.0,10428.0,Offline,3,0.0,1.0
B0888,City,Suite,67.0,March,23,6,2,,10019.0,Agent,3,3.0,1.0
B0078,City,Deluxe,,December,30,6,4,,7362.0,Online,3,2.0,0.0
B0815,Resort,Standard,219.0,August,9,6,3,2.0,10967.0,,2,0.0,0.0
B0102,Resort,Standard,63.0,August,15,1,4,1.0,13281.0,Agent,1,2.0,0.0
B0671,Resort,Deluxe,,November,29,11,2,0.0,,Offline,3,0.0,
B0098,City,Standard,244.0,March,19,4,4,0.0,,Online,3,1.0,1.0
B0073,City,Deluxe,45.0,February,11,6,3,1.0,8270.0,Offline,0,,
B0009,City,Deluxe,179.0,November,24,3,4,,5559.0,Online,1,0.0,
B0748,Resort,Deluxe,,March,8,5,1,1.0,,Online,2,1.0,
B0622,City,Suite,,November,2,13,2,,8322.0,Offline,3,,0.0
B0541,City,Deluxe,162.0,July,28,14,4,2.0,10951.0,,0,0.0,
B0070,City,Deluxe,110.0,January,31,13,4,2.0,,,3,0.0,
B0550,City,Deluxe,,February,17,4,2,2.0,8401.0,Agent,3,1.0,0.0
B0251,City,Deluxe,,October,20,1,3,1.0,3956.0,Offline,0,1.0,1.0
B0976,Resort,Suite,,March,12,3,3,0.0,14639.0,Agent,3,2.0,
B0066,Resort,Suite,295.0,August,15,9,3,0.0,10185.0,Agent,1,2.0,0.0
B0916,City,Standard,260.0,January,28,14,1,1.0,,Agent,3,1.0,0.0
B0954,City,Suite,,April,11,4,4,2.0,6444.0,Agent,0,,
B0924,City,Standard,114.0,July,3,8,3,2.0,7362.0,,0,2.0,0.0
B0299,Resort,Suite,318.0,August,12,10,4,1.0,14000.0,Offline,0,3.0,0.0
B0239,Resort,Suite,355.0,June,1,13,4,2.0,3703.0,Offline,3,3.0,0.0
B0996,City,Suite,143.0,January,30,4,4,2.0,9511.0,Online,4,1.0,
B0840,Resort,Standard,303.0,July,22,3,2,2.0,,,2,2.0,1.0
B0279,City,Standard,103.0,October,4,3,1,1.0,,Agent,3,0.0,
B0367,City,Deluxe,,May,28,2,1,1.0,,Online,1,2.0,0.0
B0094,City,Deluxe,202.0,November,10,5,2,0.0,,Offline,0,3.0,0.0
B0824,City,Standard,6.0,April,5,4,4,2.0,13244.0,Agent,0,0.0,0.0
B0203,Resort,Standard,,February,2,8,1,1.0,,,3,0.0,1.0
B0700,Resort,Standard,181.0,March,9,5,4,1.0,2567.0,Agent,3,3.0,
B0491,City,Standard,,March,14,4,2,0.0,,,4,3.0,1.0
B0935,Resort,Deluxe,138.0,January,11,10,2,0.0,,Online,3,,1.0
B0786,City,Standard,51.0,November,8,5,1,1.0,,Agent,1,1.0,0.0
B0607,Resort,Suite,,October,1,12,3,1.0,11225.0,,4,2.0,0.0
B0503,City,Standard,28.0,October,8,1,4,0.0,7435.0,Offline,2,1.0,1.0
B0061,City,Standard,300.0,February,28,9,3,0.0,,Online,2,2.0,1.0
B0140,City,Suite,,November,11,3,3,1.0,12904.0,,2,2.0,0.0
B0182,City,Suite,,October,2,3,3,1.0,12479.0,,1,2.0,
B0080,City,Deluxe,163.0,November,29,2,3,,,Offline,1,0.0,1.0
B0263,City,Suite,0.0,July,15,12,4,1.0,,,2,,1.0
B0104,Resort,Suite,333.0,March,15,2,1,2.0,,Agent,0,0.0,1.0
B0175,Resort,Standard,38.0,June,20,10,4,0.0,9066.0,,1,0.0,0.0
B0340,City,Standard,,November,10,5,2,0.0,,,1,0.0,1.0
B0004,Resort,Standard,,April,4,1,2,1.0,,Online,3,0.0,1.0
B0804,Resort,Deluxe,,February,21,9,4,1.0,,Agent,1,3.0,0.0
B0270,Resort,Deluxe,134.0,May,19,1,2,0.0,,,4,1.0,
B0063,Resort,Suite,,October,29,4,4,2.0,,Online,4,,
B0820,City,Standard,229.0,March,7,13,2,1.0,,Online,3,1.0,
B0152,Resort,Deluxe,34.0,July,18,7,3,2.0,,Online,4,,
B0801,Resort,Standard,212.0,March,19,10,1,0.0,11219.0,Agent,4,2.0,1.0
B0271,Resort,Suite,,January,6,5,4,1.0,,Online,3,2.0,
B0244,City,Suite,,June,1,6,3,2.0,,Online,1,1.0,1.0
B0998,Resort,Deluxe,,October,21,2,2,,,,4,2.0,0.0
B0528,City,Standard,,March,25,14,1,1.0,5158.0,Online,1,0.0,1.0
B0052,Resort,Suite,,June,27,8,4,0.0,13160.0,Offline,2,3.0,
B0457,City,Deluxe,,June,6,14,3,0.0,6670.0,,0,1.0,
B0799,City,Standard,331.0,November,7,5,4,0.0,14784.0,,1,1.0,
B0821,City,Standard,,December,31,12,3,,,,2,1.0,1.0
B0310,Resort,Suite,52.0,September,22,14,3,2.0,6890.0,,0,2.0,1.0
B0656,Resort,Deluxe,,April,5,9,2,0.0,,Agent,1,0.0,
B0510,Resort,Deluxe,,July,24,1,2,2.0,13903.0,,2,,1.0
B0866,City,Suite,285.0,May,4,8,2,2.0,13881.0,Agent,0,1.0,1.0
B0229,Resort,Deluxe,,May,19,5,4,0.0,9709.0,Online,3,1.0,
B0123,Resort,Suite,,January,28,14,2,1.0,,,4,3.0,0.0
B0324,City,Standard,,November,6,6,1,0.0,,Offline,1,,0.0
B0502,City,Standard,,November,14,7,4,,8280.0,Online,4,1.0,
B0383,City,Deluxe,271.0,January,22,1,2,1.0,,Agent,1,0.0,1.0
B0516,Resort,Standard,33.0,May,31,5,4,2.0,9105.0,Agent,3,2.0,0.0
B0169,Resort,Standard,116.0,December,5,4,1,1.0,,Online,3,2.0,
B0639,City,Suite,24.0,November,27,1,1,0.0,,,0,,1.0
B0486,City,Standard,355.0,May,14,11,1,2.0,12203.0,,0,,
B0633,City,Deluxe,58.0,August,7,10,2,2.0,10571.0,Agent,3,2.0,0.0
B0041,Resort,Standard,,June,8,1,1,0.0,,Offline,0,,0.0
B0741,City,Deluxe,329.0,August,10,5,4,0.0,3635.0,Online,2,2.0,
B0321,Resort,Suite,59.0,January,1,14,2,1.0,,,4,2.0,
B0096,Resort,Deluxe,93.0,July,13,8,3,,,,1,0.0,0.0
B0713,City,Standard,,October,16,13,4,1.0,,Agent,4,0.0,
B0902,City,Deluxe,249.0,July,15,1,1,2.0,,Online,4,,
B0579,City,Suite,173.0,July,22,12,2,,,Offline,4,,0.0
B0012,City,Suite,,March,3,13,4,2.0,,Agent,0,,0.0
B0564,Resort,Deluxe,120.0,August,15,13,4,0.0,,Agent,0,3.0,
B0670,City,Standard,,January,18,9,1,0.0,,Offline,3,2.0,1.0
B0846,City,Standard,,September,25,10,4,2.0,,Online,0,1.0,0.0
B0350,Resort,Suite,,December,4,1,2,,,Online,2,,0.0
B0193,City,Deluxe,,April,23,6,1,,2761.0,,3,,
B0138,Resort,Standard,271.0,September,30,7,4,1.0,13334.0,Offline,0,3.0,
B0615,Resort,Suite,,October,30,12,2,2.0,,Agent,3,1.0,0.0
B0423,Resort,Suite,,December,24,9,2,1.0,,Agent,1,1.0,
B0556,Resort,Suite,,September,16,10,4,2.0,8920.0,Online,0,3.0,0.0
B0055,City,Standard,136.0,May,22,5,2,0.0,,Offline,4,0.0,1.0
B0834,Resort,Standard,315.0,December,21,9,4,1.0,,Online,3,3.0,1.0
B0980,Resort,Suite,27.0,December,9,4,4,1.0,,Offline,1,2.0,1.0
B0182,City,Standard,88.0,July,2,7,3,2.0,4131.0,Agent,0,2.0,1.0
B0727,City,Standard,,October,2,13,3,,,Online,2,,0.0
B0980,City,Suite,34.0,July,18,9,4,0.0,7724.0,Offline,2,2.0,1.0
B0301,City,Suite,,September,27,13,1,0.0,,,1,,
B0250,City,Suite,,February,13,5,3,0.0,,,3,0.0,1.0
B0920,City,Deluxe,263.0,February,6,13,1,0.0,5453.0,,0,1.0,
B0849,Resort,Suite,36.0,January,15,12,3,0.0,3433.0,Online,1,2.0,
B0073,City,Deluxe,,August,21,7,4,2.0,,Online,4,0.0,
B0738,City,Suite,299.0,December,28,2,3,0.0,,Online,2,3.0,1.0
B0405,City,Deluxe,80.0,March,24,7,3,1.0,,Online,4,,0.0
B0127,City,Standard,,September,18,2,3,1.0,,Offline,3,,0.0
B0165,City,Standard,,April,4,3,1,,12562.0,Agent,0,2.0,0.0
B0203,Resort,Deluxe,182.0,November,21,4,1,2.0,12150.0,Offline,2,3.0,1.0
B0337,Resort,Suite,299.0,October,19,6,3,,4762.0,Agent,1,1.0,
B0758,Resort,Deluxe,184.0,November,24,6,4,,,Agent,3,,0.0
B0180,City,Deluxe,71.0,May,24,11,1,0.0,2305.0,,4,1.0,0.0
B0565,Resort,Suite,,November,25,3,3,,,Offline,3,,
B0093,Resort,Deluxe,257.0,November,8,14,2,1.0,9310.0,Offline,4,,
B0894,City,Suite,,January,8,13,4,1.0,,Agent,1,0.0,
B0212,Resort,Deluxe,,January,2,11,3,0.0,,Agent,4,,
B0179,Resort,Suite,,October,21,14,1,2.0,8165.0,,2,2.0,1.0
B0812,Resort,Suite,3.0,August,6,4,1,2.0,5465.0,Offline,1,2.0,
B0735,City,Suite,,June,24,2,4,,9848.0,Offline,3,0.0,0.0
B0045,City,Suite,303.0,March,21,9,1,1.0,2916.0,Agent,1,,1.0
B0614,City,Suite,,February,7,8,4,,4794.0,,4,1.0,
B0841,City,Suite,,March,24,11,3,,11773.0,Offline,3,3.0,0.0
B0112,City,Standard,,March,20,2,2,,12072.0,Online,0,3.0,
B0134,City,Suite,,September,14,6,1,,,,2,,
B0930,City,Deluxe,,August,25,4,1,2.0,,Agent,1,0.0,
B0762,City,Suite,267.0,September,1,7,2,2.0,,Online,1,3.0,
B0600,Resort,Deluxe,,October,12,10,3,,14369.0,,4,,1.0
B0184,Resort,Suite,,May,10,10,3,,14055.0,Online,1,3.0,
B0973,City,Standard,,June,26,9,1,1.0,8375.0,Online,1,3.0,
B0446,City,Standard,134.0,June,3,10,1,,,Online,1,3.0,1.0
B0011,City,Suite,,April,2,13,2,1.0,13043.0,Agent,1,0.0,0.0
B0089,Resort,Deluxe,,July,19,4,1,0.0,,Agent,2,2.0,0.0
B0621,City,Deluxe,206.0,May,6,7,1,0.0,,Agent,0,,1.0
B0898,Resort,Suite,,October,16,13,2,2.0,,,4,0.0,1.0
B0120,Resort,Standard,195.0,November,23,4,3,,7785.0,Agent,1,2.0,0.0
B0409,Resort,Standard,283.0,August,11,6,2,2.0,4994.0,,1,1.0,
B0248,Resort,Standard,117.0,April,27,10,3,1.0,14762.0,Online,0,3.0,
B0007,City,Deluxe,,August,29,10,3,,,,1,,0.0
B0056,Resort,Deluxe,276.0,September,12,7,2,,,Agent,0,0.0,
B0216,Resort,Suite,,June,20,14,3,1.0,,Offline,2,3.0,
B0352,Resort,Standard,,April,14,12,3,2.0,,,1,,0.0
B0590,City,Standard,138.0,September,14,14,4,1.0,4389.0,,0,1.0,1.0
B0512,City,Suite,,August,10,5,1,,3621.0,Online,1,2.0,1.0
B0860,City,Deluxe,,June,12,9,3,2.0,,Online,2,,0.0
B0591,City,Deluxe,,November,17,8,4,0.0,,,1,1.0,
B0828,Resort,Deluxe,,February,3,3,3,1.0,,Agent,2,,
B0405,Resort,Deluxe,,July,6,3,1,1.0,13923.0,Agent,0,1.0,0.0
B0407,City,Standard,,September,2,1,4,0.0,,Offline,0,3.0,1.0
B0235,City,Suite,,November,5,3,2,0.0,,Agent,3,3.0,
B0958,Resort,Suite,227.0,December,18,3,4,,,Agent,3,,0.0
B0825,City,Deluxe,,July,9,3,3,0.0,2001.0,Agent,2,3.0,
B0009,Resort,Deluxe,153.0,July,26,5,2,0.0,,Offline,3,,1.0
B0405,City,Standard,,July,8,5,1,,12245.0,Agent,2,,1.0
B0423,City,Standard,93.0,May,4,11,4,,,Offline,2,0.0,0.0
B0051,City,Standard,,May,5,12,4,0.0,5814.0,Offline,0,3.0,0.0
B0351,Resort,Deluxe,,August,23,13,1,2.0,3314.0,Online,2,3.0,0.0
B0557,Resort,Standard,,July,27,1,1,1.0,,Offline,0,1.0,1.0
B0753,City,Suite,340.0,August,13,11,3,2.0,4598.0,Online,2,3.0,
B0306,City,Deluxe,26.0,February,8,11,4,2.0,2246.0,Agent,4,0.0,1.0
B0809,City,Standard,,December,20,3,3,0.0,6075.0,,0,,1.0
B0954,City,Standard,182.0,December,18,13,1,1.0,9992.0,Agent,4,2.0,1.0
B0751,City,Standard,,June,24,3,3,0.0,,Agent,4,3.0,0.0
B0581,City,Suite,,December,15,5,2,0.0,10702.0,,2,2.0,
B0376,Resort,Standard,,December,6,1,3,1.0,7254.0,,1,,
B0510,City,Suite,,July,21,6,1,0.0,10572.0,Online,1,1.0,0.0
B0207,City,Deluxe,98.0,January,19,11,4,,,Online,2,1.0,
B0736,City,Standard,,February,15,13,1,2.0,,Agent,0,,1.0
B0542,City,Suite,,February,31,4,1,0.0,13881.0,,1,1.0,
B0673,City,Suite,320.0,September,24,9,4,0.0,,,3,0.0,0.0
B0812,City,Suite,,November,6,9,4,2.0,,Agent,3,3.0,
B0332,City,Suite,279.0,July,25,9,3,2.0,,,0,0.0,1.0
B0611,City,Suite,,January,10,4,2,2.0,,Offline,0,0.0,1.0
B0365,City,Standard,,October,8,4,3,2.0,,Offline,0,2.0,1.0
B0178,Resort,Suite,359.0,October,21,5,1,,3285.0,Agent,2,3.0,1.0
B0953,City,Standard,334.0,November,25,11,4,0.0,6993.0,Agent,4,,0.0
B0335,City,Standard,,August,25,10,1,1.0,,,1,1.0,1.0
B0085,Resort,Suite,,May,3,7,4,1.0,14485.0,,4,1.0,1.0
B0405,City,Suite,315.0,April,3,5,4,2.0,13218.0,Online,3,3.0,1.0
B0357,City,Deluxe,176.0,May,6,6,4,1.0,9216.0,Offline,1,2.0,0.0
B0776,City,Standard,27.0,October,30,3,3,0.0,7624.0,Agent,3,3.0,0.0
B0340,City,Suite,275.0,April,18,9,3,,12207.0,Online,3,,
B0540,City,Deluxe,87.0,May,7,13,3,0.0,9617.0,Online,3,2.0,
B0873,Resort,Standard,,November,13,4,4,0.0,,Online,1,1.0,
B0990,Resort,Suite,364.0,January,8,9,3,2.0,,Offline,0,2.0,
B0361,Resort,Suite,154.0,September,9,13,1,2.0,8343.0,Agent,1,1.0,1.0
B0919,Resort,Suite,70.0,December,13,9,2,,5938.0,,2,,1.0
B0460,City,Standard,334.0,October,18,11,2,1.0,7062.0,,1,,0.0
B0326,City,Suite,272.0,March,11,14,2,0.0,,,3,2.0,1.0
B0764,Resort,Standard,96.0,March,6,1,3,1.0,11770.0,Offline,0,2.0,0.0
B0705,Resort,Standard,,December,21,6,2,,,Offline,1,1.0,0.0
B0034,Resort,Standard,,April,24,11,2,1.0,3083.0,,4,3.0,
B0333,Resort,Standard,,January,20,12,4,2.0,8457.0,Online,3,3.0,0.0
B0899,City,Suite,,December,2,9,4,0.0,,,3,2.0,1.0
B0473,City,Deluxe,150.0,December,17,3,4,,3481.0,Offline,4,,0.0
B0403,Resort,Deluxe,230.0,March,15,10,2,,,Agent,1,0.0,0.0
B0117,Resort,Suite,185.0,September,23,7,2,,,Online,1,2.0,
B0893,City,Standard,74.0,December,2,7,3,2.0,,Agent,1,0.0,0.0
B0984,City,Standard,,January,15,8,4,0.0,,Offline,1,,
B0488,Resort,Deluxe,226.0,October,20,1,2,2.0,12154.0,Online,1,1.0,0.0
B0669,Resort,Standard,74.0,November,19,14,3,2.0,3436.0,Online,3,1.0,0.0
B0689,Resort,Suite,338.0,August,24,10,3,0.0,,Agent,2,3.0,0.0
B0777,Resort,Suite,,August,5,2,3,2.0,,Offline,1,,0.0
B0112,City,Deluxe,,July,20,14,3,2.0,,Offline,4,,1.0
B0533,Resort,Deluxe,92.0,December,10,4,1,0.0,,Online,1,,1.0
B0424,City,Deluxe,179.0,January,21,4,3,2.0,14946.0,Agent,2,,
B0332,City,Standard,,June,13,12,1,1.0,,Agent,3,3.0,0.0
B0662,City,Deluxe,,September,29,6,4,,14166.0,Agent,4,2.0,
B0549,City,Standard,,June,3,3,3,0.0,,Offline,4,,1.0
B0192,City,Deluxe,,December,2,5,4,0.0,10143.0,Agent,3,2.0,0.0
B0538,Resort,Standard,,January,25,4,1,,10290.0,,4,1.0,0.0
B0349,Resort,Suite,,June,5,13,1,1.0,5361.0,,3,,0.0
B0005,Resort,Standard,351.0,June,15,1,1,2.0,,Offline,2,1.0,0.0
B0294,Resort,Suite,,November,4,5,2,1.0,6483.0,Online,4,,
B0105,City,Suite,,May,5,12,3,1.0,4806.0,Agent,4,2.0,
B0455,City,Standard,,November,2,2,4,0.0,,,1,,
B0645,Resort,Suite,,June,27,4,1,,11302.0,Online,3,0.0,1.0
B0318,Resort,Deluxe,118.0,March,28,10,3,2.0,8423.0,Agent,2,3.0,1.0
B0031,City,Deluxe,,August,15,14,2,2.0,,Offline,4,0.0,1.0
B0838,City,Deluxe,284.0,May,18,8,4,,5908.0,Offline,3,3.0,0.0
B0349,City,Suite,,July,19,13,3,1.0,4835.0,,0,,
B0475,Resort,Suite,,March,10,7,1,0.0,,Agent,3,0.0,0.0
B0223,City,Suite,325.0,March,22,3,4,2.0,,Offline,1,2.0,1.0
B0584,Resort,Deluxe,176.0,October,1,10,4,1.0,6819.0,Agent,4,0.0,0.0
B0721,Resort,Standard,144.0,April,14,12,4,2.0,,,3,3.0,
B0217,City,Deluxe,71.0,September,13,14,3,,,Offline,1,0.0,0.0
B0664,City,Standard,,March,3,3,4,,,Offline,3,,1.0
B0566,Resort,Deluxe,181.0,March,14,10,1,,13975.0,Agent,3,,
B0376,City,Standard,,December,12,2,4,0.0,,,4,0.0,
B0912,City,Standard,241.0,November,21,9,3,0.0,7628.0,,3,,1.0
B0588,Resort,Deluxe,,May,6,1,3,2.0,,Offline,4,0.0,
B0299,City,Deluxe,248.0,March,17,2,3,2.0,,Agent,2,0.0,
B0115,City,Suite,,June,26,3,3,1.0,9944.0,Online,2,0.0,0.0
B0610,City,Deluxe,,April,22,8,2,1.0,,Online,2,0.0,0.0
B0172,Resort,Deluxe,,August,24,13,2,,,,2,1.0,
B0892,Resort,Standard,,July,22,6,1,0.0,,,4,2.0,1.0
B0277,Resort,Standard,,August,25,11,2,1.0,,Offline,2,,0.0
B0689,City,Standard,,February,17,2,4,2.0,,Agent,1,0.0,0.0
B0635,City,Standard,304.0,October,21,2,1,0.0,11907.0,,4,1.0,0.0
B0713,City,Deluxe,,November,30,2,4,2.0,,Agent,2,1.0,0.0
B0284,City,Deluxe,,January,9,14,3,1.0,9218.0,,1,,1.0
B0183,Resort,Standard,,April,20,11,1,,,Online,0,0.0,0.0
B0586,Resort,Deluxe,,March,21,11,1,0.0,,Agent,1,2.0,1.0
B0589,City,Suite,,August,14,7,1,1.0,,,0,,
B0958,Resort,Deluxe,,July,2,11,1,2.0,,Online,3,2.0,
B0208,City,Suite,,November,7,5,4,0.0,,,0,3.0,
B0195,City,Standard,98.0,December,19,4,4,,,,4,3.0,0.0
B0038,Resort,Standard,172.0,July,4,4,4,1.0,14141.0,Online,0,1.0,1.0
B0670,City,Deluxe,316.0,April,23,11,2,0.0,4822.0,Agent,0,3.0,
B0175,City,Standard,,October,26,10,2,0.0,,Agent,3,2.0,0.0
B1000,City,Deluxe,109.0,October,6,6,1,0.0,6487.0,,1,2.0,
B0169,Resort,Standard,297.0,March,4,13,4,1.0,,Online,0,0.0,0.0
B0949,City,Suite,,July,23,13,4,1.0,5377.0,Agent,4,3.0,1.0
B0245,City,Suite,354.0,October,6,12,4,0.0,,Agent,3,0.0,
B0242,City,Standard,271.0,October,12,14,2,,14621.0,Agent,0,1.0,0.0
B0816,City,Suite,,March,6,11,1,0.0,,Agent,1,3.0,1.0
B0343,Resort,Standard,53.0,September,6,3,1,,10436.0,Online,1,3.0,
B0594,Resort,Deluxe,,April,25,2,3,1.0,3606.0,,1,3.0,0.0
B0076,Resort,Suite,248.0,July,5,4,4,1.0,,Offline,3,1.0,
B0368,Resort,Standard,171.0,January,23,10,1,2.0,4236.0,,3,3.0,0.0
B0779,Resort,Standard,151.0,November,31,10,2,1.0,,,1,,1.0
B0858,Resort,Deluxe,,December,28,4,2,2.0,9114.0,Offline,4,0.0,1.0
B0046,City,Deluxe,258.0,July,17,7,4,0.0,,Offline,0,,0.0
B0710,Resort,Standard,,May,8,11,1,0.0,,Offline,3,,
B0598,City,Deluxe,237.0,December,13,3,3,,13532.0,Online,3,2.0,
B0034,Resort,Deluxe,138.0,November,3,10,3,0.0,,Online,0,3.0,1.0
B0477,City,Deluxe,187.0,November,18,12,1,1.0,,Offline,4,0.0,
B0490,City,Suite,,June,29,5,4,2.0,2892.0,Agent,2,3.0,1.0
B0514,City,Deluxe,,August,20,6,1,1.0,9501.0,Online,3,1.0,1.0
B0982,City,Standard,,February,23,3,4,1.0,5346.0,Agent,3,,0.0
B0486,Resort,Deluxe,227.0,May,7,2,1,1.0,,,4,2.0,
B0662,Resort,Deluxe,,August,10,10,2,2.0,,Offline,3,2.0,1.0
B0789,City,Standard,,August,31,3,2,2.0,4986.0,Offline,1,1.0,0.0
B0043,Resort,Suite,,May,12,3,2,0.0,,Agent,1,2.0,1.0
B0553,City,Suite,154.0,January,13,8,2,,7246.0,Online,4,,1.0
B0663,Resort,Deluxe,148.0,October,24,8,3,0.0,,Online,1,,0.0
B0316,City,Deluxe,316.0,August,12,2,3,0.0,11963.0,Offline,2,1.0,0.0
B0086,Resort,Suite,343.0,September,13,4,4,2.0,11882.0,Agent,3,1.0,
B0875,Resort,Deluxe,,January,10,6,3,2.0,9300.0,Offline,3,3.0,1.0
B0296,City,Suite,,March,27,10,1,1.0,,,4,2.0,0.0
B0956,Resort,Standard,,November,30,5,4,1.0,,Offline,1,1.0,1.0
B0297,Resort,Standard,,August,18,12,4,1.0,2439.0,Offline,2,2.0,
B0855,Resort,Standard,,July,6,8,2,0.0,,,0,,
B0371,Resort,Suite,,November,22,8,1,2.0,10397.0,Agent,1,,0.0
B0150,Resort,Deluxe,354.0,June,6,1,3,2.0,,Online,2,2.0,
B0655,City,Suite,99.0,February,20,13,2,2.0,,Agent,2,0.0,
B0594,Resort,Standard,6.0,September,10,6,4,,7575.0,Online,1,1.0,
B0227,City,Suite,314.0,July,15,2,1,1.0,,Agent,2,2.0,0.0
B0837,Resort,Suite,,March,23,5,1,0.0,5643.0,Offline,1,2.0,0.0
B0215,City,Standard,217.0,February,1,13,4,,2696.0,Online,0,,
B0061,Resort,Standard,129.0,February,10,11,1,0.0,14818.0,Offline,4,1.0,0.0
B0687,Resort,Standard,46.0,December,31,5,3,2.0,4630.0,Online,0,,0.0
B0542,City,Suite,,March,29,13,1,0.0,,Agent,4,1.0,1.0
B0690,City,Standard,,July,7,9,2,,,Online,3,0.0,
B0140,Resort,Deluxe,,September,24,1,1,2.0,10088.0,,2,3.0,
B0754,Resort,Suite,227.0,September,14,5,4,1.0,,Agent,1,0.0,
B0504,City,Deluxe,224.0,February,5,7,4,0.0,14147.0,Online,2,1.0,1.0
B0206,Resort,Standard,,December,16,5,3,,,,3,,1.0
B0151,Resort,Standard,,August,16,4,2,0.0,3631.0,Online,3,0.0,0.0
B0392,Resort,Standard,155.0,February,22,13,4,,,,3,,1.0
B0556,Resort,Suite,279.0,January,14,2,4,,,,3,0.0,0.0
B0182,Resort,Suite,,July,5,5,4,,14517.0,,4,,
B0482,Resort,Suite,80.0,July,9,8,4,2.0,,Agent,0,0.0,
B0047,City,Deluxe,178.0,November,11,7,1,,,,2,0.0,
B0251,City,Standard,,October,3,12,1,2.0,,Offline,0,,1.0
B0039,Resort,Suite,,May,1,12,4,0.0,,,2,,0.0
B0828,Resort,Standard,353.0,June,16,9,3,1.0,,Agent,3,1.0,1.0
B0651,City,Suite,,May,2,5,4,1.0,12232.0,Online,4,2.0,1.0
B0069,Resort,Deluxe,,February,21,14,3,2.0,,Offline,3,3.0,1.0
B0640,Resort,Suite,280.0,January,21,12,2,,,Agent,4,,1.0
B0958,City,Suite,,August,5,4,2,2.0,,Agent,0,1.0,1.0
B0274,Resort,Suite,,November,20,4,4,1.0,3860.0,Offline,0,1.0,1.0
B0476,Resort,Suite,,November,29,1,2,1.0,6468.0,Online,2,2.0,
B0564,City,Suite,,January,2,14,1,2.0,,Online,3,2.0,
B0674,City,Deluxe,71.0,February,19,12,1,2.0,10133.0,Offline,4,0.0,1.0
B0338,Resort,Suite,,April,5,2,2,1.0,,,2,,0.0
B0503,Resort,Suite,,September,14,8,2,2.0,14849.0,Agent,3,2.0,1.0
B0022,City,Suite,339.0,December,30,13,2,2.0,,Agent,2,0.0,
B0888,City,Deluxe,198.0,July,30,5,3,0.0,14397.0,Agent,1,1.0,1.0
B0647,Resort,Suite,208.0,May,28,2,4,,,Agent,3,0.0,0.0
B0716,Resort,Suite,,July,20,12,3,,13390.0,Online,1,3.0,
B0140,City,Deluxe,,June,19,2,1,1.0,6089.0,,2,3.0,1.0
B0895,City,Deluxe,,May,7,2,4,2.0,,,4,1.0,0.0
B0971,City,Suite,331.0,February,15,4,3,1.0,,,4,2.0,0.0
B0092,Resort,Standard,290.0,January,23,9,4,,,Online,1,1.0,0.0
B0969,Resort,Deluxe,,March,14,14,2,1.0,6636.0,,1,3.0,0.0
B0030,Resort,Deluxe,,April,12,10,4,0.0,,Offline,2,3.0,
B0218,Resort,Suite,,February,4,9,1,0.0,7453.0,,2,,
B0991,City,Standard,,May,13,11,3,1.0,11167.0,Offline,2,1.0,
B0505,Resort,Deluxe,67.0,June,23,9,4,1.0,6266.0,Agent,0,1.0,1.0
B0893,Resort,Suite,,May,29,5,3,2.0,9139.0,Agent,3,1.0,
B0874,Resort,Standard,96.0,January,8,3,1,,6263.0,,3,0.0,1.0
B0042,Resort,Deluxe,,August,16,2,2,0.0,7727.0,Offline,2,1.0,0.0
B0768,Resort,Suite,339.0,October,1,9,2,,3258.0,,0,2.0,0.0
B0292,City,Deluxe,191.0,June,5,1,1,,,,2,,
B0006,Resort,Standard,,June,31,12,2,1.0,,Agent,0,0.0,
B0975,Resort,Standard,,March,8,13,4,0.0,2336.0,Offline,3,3.0,1.0
B0663,City,Standard,,July,24,13,3,1.0,7882.0,Agent,4,1.0,1.0
B0457,Resort,Deluxe,,February,25,7,3,1.0,,Online,0,,1.0
B0997,Resort,Suite,114.0,August,17,11,1,2.0,,Online,3,2.0,0.0
B0131,Resort,Standard,,May,19,1,1,0.0,10411.0,,3,0.0,1.0
B0677,Resort,Deluxe,130.0,September,1,2,4,1.0,14880.0,,0,0.0,1.0
B0898,Resort,Deluxe,,November,15,10,3,2.0,5066.0,Offline,0,,1.0
B0893,City,Deluxe,273.0,January,13,2,1,1.0,,,3,,
B0499,Resort,Suite,,December,22,12,4,2.0,3435.0,Offline,0,1.0,0.0
B0836,City,Suite,96.0,April,16,11,2,1.0,9139.0,Online,2,3.0,0.0
B0486,Resort,Standard,59.0,March,24,12,4,,9724.0,,4,1.0,0.0
B0302,Resort,Standard,170.0,February,21,14,4,,,Online,3,3.0,1.0
B0526,Resort,Standard,365.0,September,1,7,3,0.0,,,0,3.0,
B0962,Resort,Deluxe,,January,6,5,2,,,Offline,4,1.0,
B0931,Resort,Suite,,March,29,5,4,,,,1,,0.0
B0290,City,Suite,247.0,March,7,3,4,0.0,,,2,1.0,0.0
B0571,City,Standard,,June,22,3,2,0.0,,,0,,0.0
B0124,City,Deluxe,,June,25,1,3,1.0,13307.0,Online,3,3.0,0.0
B0999,City,Suite,312.0,September,2,9,1,1.0,12320.0,Offline,2,1.0,
B0300,Resort,Suite,255.0,March,21,6,3,1.0,4014.0,,3,0.0,0.0
B0855,Resort,Deluxe,146.0,February,9,6,4,2.0,12312.0,Offline,4,3.0,0.0
B0142,Resort,Deluxe,,September,26,11,3,0.0,9251.0,Online,4,0.0,0.0
B0347,Resort,Deluxe,,January,13,13,1,1.0,11413.0,Agent,3,3.0,
B0718,Resort,Suite,,January,27,5,2,,9310.0,,2,3.0,0.0
B0903,Resort,Standard,,July,24,12,2,2.0,5501.0,Agent,4,2.0,
B0164,City,Standard,,April,27,13,3,,10278.0,Online,2,2.0,
B0520,Resort,Standard,24.0,August,10,10,1,,7553.0,Offline,2,2.0,1.0
B0683,City,Suite,193.0,February,11,9,2,2.0,9443.0,Offline,3,3.0,0.0
B0095,City,Deluxe,,April,15,2,3,,,Agent,4,3.0,
B0434,Resort,Suite,,March,5,9,2,,,Offline,4,,0.0
B0712,City,Deluxe,242.0,December,6,9,3,0.0,,Online,0,2.0,
B0297,City,Suite,78.0,June,10,6,3,2.0,9961.0,Offline,1,,1.0
B0050,Resort,Deluxe,110.0,December,16,1,1,2.0,3106.0,,3,,1.0
B0580,Resort,Deluxe,,December,27,10,2,1.0,,,3,1.0,
B0334,City,Suite,,July,8,7,3,0.0,,Agent,0,1.0,
B0026,Resort,Suite,330.0,November,18,2,2,0.0,11342.0,,4,0.0,0.0
B0675,City,Standard,140.0,April,27,12,4,0.0,,,4,0.0,1.0
B0883,City,Deluxe,223.0,July,1,14,3,,6213.0,Online,0,,0.0
B0293,City,Standard,130.0,March,10,7,2,0.0,,Offline,0,0.0,1.0
B0400,City,Deluxe,,June,9,7,1,0.0,5318.0,Offline,3,,
B0395,City,Deluxe,,August,18,7,1,,,Offline,0,2.0,
B0987,City,Standard,284.0,May,19,7,4,0.0,12416.0,Offline,2,,0.0
B0801,City,Suite,,January,1,14,4,2.0,12699.0,Online,0,3.0,1.0
B0613,Resort,Suite,,November,7,10,3,0.0,4644.0,Agent,0,3.0,
B0126,City,Suite,,July,7,10,3,2.0,,,2,1.0,
B0330,Resort,Standard,,January,30,12,2,0.0,,Online,0,1.0,1.0
B0570,Resort,Deluxe,275.0,November,21,2,1,,13014.0,Agent,3,,1.0
B0397,City,Suite,4.0,August,12,4,4,0.0,5629.0,Agent,2,1.0,0.0
B0836,Resort,Suite,113.0,August,31,6,1,2.0,10074.0,Online,1,3.0,0.0
B0891,Resort,Suite,,March,18,4,2,0.0,11636.0,Online,1,2.0,
B0877,City,Suite,140.0,November,1,12,3,,,Online,2,3.0,1.0
B0281,City,Suite,,August,12,9,1,1.0,,,4,3.0,1.0
B0006,Resort,Standard,171.0,October,26,1,2,,3219.0,Offline,1,2.0,1.0
B0065,City,Standard,,January,19,13,3,2.0,6049.0,,1,2.0,0.0
B0842,Resort,Suite,121.0,October,20,8,1,,11485.0,Online,0,0.0,1.0
B0321,City,Standard,,January,10,10,4,0.0,3668.0,Online,2,3.0,1.0
B0099,Resort,Standard,306.0,August,13,8,4,0.0,7564.0,,4,2.0,
B0198,City,Standard,6.0,October,26,14,2,1.0,,Agent,3,3.0,
B0636,Resort,Standard,124.0,January,2,3,3,,,Agent,4,,0.0
B0151,Resort,Deluxe,,May,12,1,2,0.0,5889.0,,2,1.0,0.0
B0656,City,Standard,174.0,November,16,12,4,2.0,,Agent,3,2.0,0.0
B0108,Resort,Standard,253.0,January,21,4,2,,12222.0,Offline,3,2.0,
B0385,City,Deluxe,94.0,June,1,2,3,0.0,11088.0,Offline,2,3.0,0.0
B0647,Resort,Standard,15.0,April,10,3,2,2.0,13777.0,Agent,4,1.0,0.0
B0201,City,Standard,134.0,January,27,11,2,,12729.0,Agent,1,2.0,1.0
B0246,Resort,Deluxe,338.0,September,26,10,4,0.0,3941.0,Offline,1,1.0,
B0388,Resort,Deluxe,,November,8,1,2,2.0,14936.0,Agent,1,0.0,
B0815,Resort,Standard,,April,24,2,4,0.0,,Agent,3,,1.0
B0184,Resort,Suite,,December,31,8,4,2.0,,Online,1,1.0,0.0
B0463,City,Deluxe,,July,29,7,2,2.0,6170.0,Offline,0,2.0,1.0
B0532,Resort,Standard,298.0,August,17,10,3,,,,3,2.0,1.0
B0325,Resort,Deluxe,12.0,August,8,5,1,2.0,,Online,2,1.0,0.0
B0122,City,Deluxe,19.0,June,7,11,3,2.0,,Offline,4,1.0,
B0758,Resort,Standard,,June,26,7,4,0.0,9733.0,,1,1.0,
B0768,City,Deluxe,,December,27,8,3,0.0,7129.0,,3,1.0,1.0
B0461,City,Deluxe,71.0,May,31,12,1,,,Agent,1,3.0,1.0
B0703,Resort,Suite,,June,19,1,1,1.0,,,3,1.0,1.0
B0066,Resort,Standard,243.0,June,19,8,3,0.0,4808.0,Offline,0,,1.0
B0028,City,Standard,,May,7,4,3,0.0,9449.0,Agent,4,0.0,0.0
B0335,Resort,Deluxe,80.0,March,18,7,4,0.0,8373.0,Offline,1,2.0,1.0
B0838,Resort,Standard,,October,7,9,4,2.0,5304.0,Offline,3,0.0,1.0
B0620,City,Suite,,August,15,10,1,0.0,,Agent,2,3.0,
B0844,City,Deluxe,127.0,October,24,7,4,,12798.0,Online,3,0.0,0.0
B0907,City,Deluxe,,November,30,2,2,,8738.0,Agent,0,0.0,
B0785,Resort,Deluxe,230.0,May,7,9,1,,2437.0,,3,2.0,
B0409,City,Deluxe,19.0,May,4,12,2,2.0,,,3,0.0,0.0
B0562,City,Suite,224.0,August,27,5,2,1.0,2295.0,Offline,2,0.0,
B0760,Resort,Standard,39.0,November,9,3,4,2.0,4915.0,Online,4,1.0,1.0
B0714,City,Suite,267.0,July,23,5,4,0.0,11800.0,Online,3,1.0,0.0
B0384,City,Standard,46.0,July,1,1,3,1.0,13140.0,Offline,0,1.0,
B0172,City,Deluxe,262.0,June,11,9,2,1.0,,,0,1.0,0.0
B0109,Resort,Deluxe,88.0,July,21,6,1,,,Offline,0,2.0,
B0639,Resort,Standard,34.0,July,10,13,4,0.0,13674.0,Agent,0,,1.0
B0647,Resort,Suite,355.0,June,6,11,3,,,Online,4,,1.0
B0392,City,Suite,300.0,April,1,10,1,2.0,,Offline,4,0.0,0.0
B0141,Resort,Deluxe,151.0,March,13,4,1,1.0,,Agent,1,2.0,1.0
B0660,City,Suite,,January,8,14,3,2.0,5969.0,Online,1,1.0,
B0894,Resort,Suite,164.0,August,21,1,1,,3146.0,Online,1,1.0,0.0
B0094,City,Suite,281.0,April,17,2,4,,7103.0,Offline,1,3.0,0.0
B0621,City,Deluxe,,November,7,5,4,0.0,,,1,3.0,1.0
B0433,Resort,Standard,246.0,July,14,14,1,2.0,11751.0,Offline,2,3.0,1.0
B0314,Resort,Deluxe,,February,11,3,4,1.0,4535.0,Online,0,,
B0743,Resort,Deluxe,,July,24,6,4,,7043.0,,0,0.0,1.0
B0955,City,Standard,,December,12,9,4,2.0,13410.0,,3,1.0,0.0
B0490,City,Deluxe,323.0,December,22,11,2,2.0,,Offline,2,1.0,
B0593,City,Standard,59.0,November,23,7,4,0.0,10495.0,,1,3.0,1.0
B0709,Resort,Suite,,October,10,12,4,0.0,,Offline,2,1.0,
B0408,Resort,Standard,,January,4,2,4,,,,1,1.0,1.0
B0191,City,Standard,249.0,September,31,2,4,1.0,5041.0,Online,1,1.0,1.0
B0924,Resort,Deluxe,320.0,November,6,2,3,0.0,8188.0,Agent,0,2.0,0.0
B0600,City,Deluxe,248.0,January,2,5,1,0.0,3586.0,Online,3,,
B0986,Resort,Deluxe,,October,14,6,3,2.0,7164.0,Agent,3,3.0,
B0059,Resort,Deluxe,51.0,August,28,12,4,1.0,2420.0,Agent,1,2.0,1.0
B0634,Resort,Suite,211.0,January,21,14,3,0.0,,Online,2,3.0,0.0
B0622,Resort,Deluxe,313.0,June,14,8,1,,6814.0,Offline,4,,
B0517,City,Standard,254.0,May,27,11,4,1.0,9311.0,,4,1.0,0.0
B0217,City,Suite,358.0,February,14,12,1,1.0,,Agent,1,2.0,
B0488,City,Suite,,February,26,12,3,1.0,11436.0,Agent,3,3.0,
B0658,Resort,Standard,,February,10,2,1,0.0,7574.0,Online,4,2.0,0.0
B0874,Resort,Deluxe,295.0,May,2,10,2,,,Agent,1,,
B0617,City,Standard,202.0,September,28,8,3,1.0,6863.0,,3,1.0,
B0291,City,Suite,340.0,October,11,5,1,2.0,,Offline,3,2.0,
B0990,Resort,Standard,170.0,December,7,14,2,0.0,14714.0,,3,2.0,
B0935,City,Standard,,June,14,11,4,2.0,,,0,,
B0290,Resort,Suite,,February,5,6,1,2.0,9496.0,Offline,3,3.0,1.0
B0919,City,Standard,111.0,December,21,1,3,0.0,13113.0,,3,1.0,0.0
B0099,Resort,Deluxe,91.0,February,17,11,3,,,Offline,0,0.0,0.0
B0407,Resort,Deluxe,352.0,November,24,7,1,,,Agent,3,2.0,0.0
B0123,City,Standard,,November,22,9,2,0.0,,Agent,0,,0.0
B0394,Resort,Suite,,May,19,3,1,2.0,3040.0,,0,3.0,
B0838,Resort,Standard,265.0,April,31,11,1,1.0,11815.0,Online,4,3.0,1.0
B0126,City,Standard,294.0,November,6,2,3,0.0,3386.0,Agent,2,,0.0
B0434,City,Standard,153.0,September,29,13,3,,,Agent,4,2.0,
B0552,City,Suite,50.0,April,2,4,2,2.0,5526.0,Offline,4,2.0,1.0
B0132,Resort,Standard,,May,13,11,2,,9472.0,Agent,3,1.0,
B0209,City,Suite,137.0,December,12,10,2,,,,3,0.0,
B0254,City,Deluxe,63.0,November,18,7,1,2.0,12488.0,Agent,2,2.0,0.0
B0890,City,Deluxe,5.0,July,8,7,1,0.0,,,0,,1.0
B0718,Resort,Suite,138.0,January,6,6,4,1.0,,,4,1.0,1.0
B0010,City,Suite,64.0,July,19,12,3,0.0,,Offline,4,3.0,
B0469,City,Deluxe,,September,10,5,4,1.0,7000.0,Agent,3,2.0,0.0
B0650,City,Standard,122.0,March,19,1,1,2.0,,Online,3,,
B0140,Resort,Deluxe,263.0,July,1,10,2,0.0,,Agent,1,,
B0624,City,Suite,229.0,November,30,13,2,1.0,,Offline,4,2.0,0.0
B0433,Resort,Deluxe,,February,11,11,2,0.0,,,2,2.0,0.0
B0003,Resort,Standard,156.0,August,29,10,4,0.0,7828.0,,2,2.0,1.0
B0110,City,Deluxe,,June,1,2,4,,5236.0,Offline,3,0.0,1.0
B0008,City,Suite,128.0,August,13,6,3,2.0,9017.0,Agent,0,3.0,
B0860,Resort,Standard,,December,14,1,3,1.0,3813.0,Agent,0,1.0,1.0
B0432,Resort,Standard,82.0,August,31,11,3,0.0,,,1,2.0,1.0
B0514,Resort,Standard,56.0,January,5,3,3,0.0,14572.0,Online,2,3.0,
B0756,City,Deluxe,,May,16,2,4,1.0,12118.0,Offline,1,2.0,0.0
B0885,Resort,Suite,,April,16,12,1,1.0,5091.0,Offline,0,1.0,1.0
B0040,Resort,Standard,,January,20,4,1,0.0,,Agent,1,1.0,1.0
B0437,Resort,Standard,,November,2,5,1,2.0,,Agent,3,1.0,1.0
B0917,City,Standard,20.0,January,22,12,3,1.0,,Agent,4,0.0,1.0
B0190,Resort,Deluxe,,May,4,2,1,1.0,,Agent,4,,
B0381,City,Suite,141.0,October,13,2,1,1.0,12314.0,Online,4,1.0,0.0
B0722,Resort,Standard,,May,24,8,2,1.0,2717.0,Offline,3,,
B0259,Resort,Deluxe,229.0,July,3,8,4,0.0,,Offline,2,0.0,
B0063,City,Suite,,November,18,14,1,1.0,,,3,,1.0
B0212,City,Standard,81.0,October,23,1,4,2.0,6971.0,Agent,2,,0.0
B0176,City,Standard,273.0,May,2,11,2,2.0,,Online,1,1.0,
B0119,City,Suite,,June,3,12,3,1.0,,Agent,0,0.0,1.0
B0225,Resort,Standard,131.0,September,22,14,1,,,Offline,3,1.0,1.0
B0276,City,Suite,,March,15,4,4,2.0,,Online,3,1.0,1.0
B0190,City,Standard,,December,6,11,3,0.0,7081.0,Offline,3,,0.0
B0072,City,Standard,218.0,August,30,11,4,0.0,13867.0,Online,4,0.0,1.0
B0394,City,Standard,6.0,March,8,13,1,2.0,4336.0,Online,0,,
B0838,Resort,Suite,43.0,March,16,13,4,1.0,,,1,1.0,0.0
B0557,Resort,Suite,278.0,January,27,1,1,2.0,,Offline,0,1.0,0.0
B0233,Resort,Deluxe,,November,10,4,4,0.0,10057.0,Online,1,0.0,1.0
B0366,City,Suite,170.0,June,30,2,1,1.0,,Agent,4,1.0,
B0436,City,Suite,,October,27,5,3,0.0,,Agent,2,0.0,0.0
B0883,City,Suite,,March,13,8,4,0.0,,Agent,1,0.0,1.0
B0131,City,Deluxe,,August,14,8,4,2.0,4264.0,,3,,1.0
B0552,Resort,Suite,274.0,July,3,10,4,1.0,13519.0,Offline,2,0.0,0.0
B0872,City,Deluxe,,March,30,2,1,2.0,7912.0,Agent,3,1.0,
B0996,Resort,Standard,107.0,January,24,3,1,1.0,8184.0,,2,0.0,
B0109,City,Deluxe,304.0,January,5,6,2,0.0,6014.0,Online,4,3.0,0.0
B0784,City,Deluxe,,August,14,12,3,,14802.0,Agent,0,1.0,0.0
B0903,City,Suite,88.0,January,13,14,4,,,Agent,1,3.0,0.0
B0279,City,Suite,193.0,December,7,7,1,1.0,8427.0,Online,3,3.0,1.0
B0669,Resort,Deluxe,84.0,June,21,7,2,2.0,3776.0,Online,2,,1.0
B0029,City,Deluxe,83.0,February,7,10,1,2.0,5075.0,Online,1,2.0,0.0
B0584,City,Suite,247.0,January,11,2,3,0.0,,,4,1.0,1.0
B0770,Resort,Suite,182.0,December,22,2,3,,14147.0,Offline,0,,1.0
B0489,City,Deluxe,82.0,November,15,2,1,1.0,5533.0,Offline,4,,
B0624,Resort,Deluxe,,May,12,10,4,0.0,,Offline,1,,
B0077,City,Suite,,February,26,1,2,2.0,10964.0,,0,3.0,1.0
B0174,Resort,Standard,,October,12,6,1,0.0,,Agent,3,2.0,1.0
B0666,City,Standard,,January,12,14,3,,8701.0,,2,,
B0975,Resort,Deluxe,,September,15,5,1,0.0,14141.0,Online,1,0.0,1.0
B0385,City,Suite,204.0,April,13,14,4,0.0,,,4,3.0,0.0
B0088,City,Suite,,July,7,7,3,0.0,,,1,3.0,0.0
B0286,Resort,Standard,279.0,August,5,11,2,2.0,11309.0,,0,2.0,1.0
B0485,City,Standard,108.0,November,14,5,3,1.0,3369.0,Online,2,3.0,0.0
B0306,Resort,Deluxe,268.0,November,29,5,2,0.0,,Agent,2,1.0,0.0
B0358,Resort,Deluxe,243.0,December,14,6,4,0.0,11189.0,Online,4,,0.0
B0332,Resort,Standard,,March,16,14,3,0.0,,Agent,4,0.0,1.0
B0966,City,Suite,230.0,January,7,12,2,,13410.0,,1,2.0,0.0
B0976,City,Suite,295.0,June,27,6,1,2.0,7029.0,,3,3.0,1.0
B0361,Resort,Suite,,February,30,3,4,,8113.0,Offline,4,3.0,1.0
B0292,Resort,Suite,145.0,February,26,14,1,0.0,12643.0,,0,3.0,
B0770,City,Suite,227.0,November,10,14,4,1.0,,,0,1.0,1.0
B0974,City,Deluxe,,November,23,13,4,0.0,8138.0,Agent,2,2.0,1.0
B0859,Resort,Suite,123.0,July,2,1,1,1.0,,Agent,2,1.0,
B0441,City,Suite,200.0,October,21,7,1,,,Offline,3,2.0,
B0163,Resort,Standard,50.0,September,4,11,4,2.0,11058.0,Agent,1,0.0,0.0
B0027,Resort,Standard,321.0,January,20,12,1,,2414.0,,2,1.0,0.0
B0669,City,Deluxe,99.0,December,25,13,4,2.0,12801.0,Agent,0,1.0,
B0024,City,Standard,235.0,February,5,5,3,1.0,3520.0,,2,1.0,1.0
B0104,Resort,Standard,211.0,August,31,11,1,1.0,,,2,3.0,0.0
B0185,Resort,Standard,91.0,February,11,6,4,0.0,,Online,1,,0.0
B0549,City,Suite,262.0,April,28,6,1,1.0,,Offline,1,0.0,
B0709,City,Deluxe,,April,31,2,3,2.0,,,4,3.0,0.0
B0257,City,Standard,,July,4,10,3,1.0,,,3,3.0,
B0766,Resort,Deluxe,318.0,October,13,7,2,2.0,8126.0,,1,0.0,
B0260,Resort,Deluxe,,July,1,2,2,2.0,9035.0,Agent,1,0.0,0.0
B0673,Resort,Deluxe,,February,1,6,1,2.0,,Agent,1,,0.0
B0395,Resort,Suite,108.0,February,18,5,1,,,Agent,2,1.0,0.0
B0051,Resort,Deluxe,,July,4,2,4,1.0,,,1,,0.0
B0292,City,Suite,294.0,August,10,3,4,0.0,10740.0,Agent,0,0.0,1.0
B0098,Resort,Suite,,June,25,6,4,0.0,,,4,0.0,1.0
B0306,Resort,Deluxe,328.0,June,31,10,1,0.0,5670.0,Online,1,0.0,1.0
B0883,Resort,Standard,87.0,April,24,13,3,0.0,13276.0,Agent,0,0.0,0.0
B0970,Resort,Standard,,December,20,13,4,2.0,13446.0,Offline,4,3.0,0.0
B0130,Resort,Standard,,November,15,11,1,1.0,,,2,2.0,
B0495,City,Standard,,December,3,6,2,1.0,13386.0,Online,3,0.0,0.0
B0014,City,Deluxe,197.0,August,4,6,2,2.0,,,1,,0.0
B0937,City,Standard,,August,28,10,2,,5079.0,Agent,3,1.0,
B0315,City,Standard,236.0,December,4,4,1,,,Online,3,,1.0
B0361,Resort,Standard,281.0,June,14,4,2,,,Agent,0,3.0,1.0
B0379,City,Standard,,December,30,7,2,2.0,,Offline,4,2.0,
B0623,Resort,Suite,221.0,November,2,11,2,0.0,5597.0,Online,0,,1.0
B0245,City,Suite,,April,29,10,4,,8437.0,Offline,2,3.0,0.0
B0176,City,Deluxe,,December,20,5,1,0.0,,Agent,1,1.0,1.0
B0698,City,Standard,,August,5,1,4,,7473.0,Offline,2,0.0,0.0
B0696,City,Suite,,October,1,8,2,,3792.0,Online,4,2.0,0.0
B0538,City,Standard,48.0,May,26,12,3,,,Agent,3,2.0,1.0
B0470,City,Deluxe,,September,25,11,4,0.0,6422.0,Offline,3,1.0,
B0146,Resort,Deluxe,15.0,October,24,12,4,2.0,5380.0,Offline,3,0.0,1.0
B0899,Resort,Suite,,November,12,6,4,,,Offline,0,,
B0719,Resort,Suite,,August,19,13,3,2.0,3805.0,,1,3.0,
B0154,Resort,Suite,285.0,May,16,5,1,2.0,,Online,1,2.0,
B0127,City,Deluxe,156.0,July,12,11,1,0.0,6119.0,Agent,2,,
B0982,City,Standard,,March,24,4,4,0.0,6764.0,Online,3,2.0,0.0
B0832,Resort,Deluxe,204.0,May,30,5,3,1.0,,Agent,4,1.0,
B0787,City,Deluxe,,September,7,5,3,0.0,,Offline,3,3.0,0.0
B0142,Resort,Suite,,August,12,7,4,,,Online,4,0.0,1.0
B0091,City,Suite,154.0,October,17,6,2,2.0,,Offline,3,0.0,1.0
B0827,Resort,Standard,43.0,May,27,11,1,2.0,11737.0,Agent,4,3.0,
B0340,City,Standard,299.0,December,7,9,2,,4234.0,Offline,2,2.0,
B0960,City,Deluxe,319.0,February,3,1,2,0.0,10516.0,Offline,1,0.0,1.0
B0026,Resort,Deluxe,28.0,May,13,8,2,1.0,,,4,0.0,1.0
B0150,City,Standard,72.0,March,17,12,2,,,Agent,0,,1.0
B0377,Resort,Deluxe,197.0,August,14,14,4,1.0,,,0,,1.0
B0012,Resort,Standard,,January,30,6,2,,,Agent,0,1.0,1.0
B0513,City,Deluxe,,September,3,3,2,2.0,,,1,2.0,
B0311,Resort,Standard,,July,31,8,2,2.0,,Agent,4,,1.0
B0070,City,Standard,81.0,February,22,2,4,,7302.0,Offline,0,1.0,
B0914,Resort,Deluxe,32.0,October,9,2,1,0.0,,Online,1,2.0,0.0
B0716,Resort,Deluxe,68.0,April,9,8,4,2.0,5694.0,Offline,3,,0.0
B0089,City,Suite,342.0,April,2,13,2,0.0,,Online,2,1.0,
B0748,Resort,Standard,,September,12,6,2,0.0,,,0,,0.0
B0131,Resort,Standard,,April,2,10,3,0.0,,Agent,3,2.0,0.0
B0894,City,Deluxe,38.0,September,30,10,3,,12135.0,Online,4,3.0,1.0
B0669,City,Standard,,May,7,6,1,1.0,,Online,1,3.0,0.0
B0825,City,Deluxe,,October,24,10,1,,,Online,0,0.0,1.0
B0520,City,Suite,,August,10,13,2,0.0,2906.0,Offline,4,,1.0
B0699,City,Suite,246.0,July,25,7,2,,,Offline,0,3.0,0.0
B0919,Resort,Deluxe,,July,30,1,2,1.0,3507.0,Offline,3,,
B0047,City,Suite,127.0,February,2,3,4,1.0,6630.0,Agent,2,,
B0912,City,Deluxe,,August,22,2,1,0.0,6099.0,,2,1.0,1.0
B0731,Resort,Deluxe,,November,8,9,3,2.0,13432.0,Online,2,3.0,
B0974,Resort,Deluxe,40.0,March,27,9,2,2.0,14155.0,Online,2,1.0,0.0
B0241,Resort,Suite,232.0,January,16,14,1,2.0,,Agent,0,0.0,1.0
B0876,Resort,Deluxe,,July,15,1,2,1.0,8214.0,,4,0.0,
B0313,City,Suite,178.0,October,25,6,3,1.0,14406.0,Agent,4,3.0,1.0
B0802,City,Standard,,December,30,11,3,,,Offline,3,3.0,
B0947,City,Standard,,November,31,5,1,1.0,,Agent,4,3.0,0.0
B0631,Resort,Deluxe,,November,26,13,1,0.0,,Agent,1,3.0,1.0
B0018,Resort,Standard,238.0,June,16,11,2,,2959.0,Agent,4,,1.0
B0977,City,Deluxe,,May,9,14,4,1.0,5726.0,Offline,4,0.0,0.0
B0118,City,Standard,,October,11,1,2,0.0,,Agent,0,2.0,
B0736,City,Suite,,February,3,9,4,0.0,10372.0,Offline,1,2.0,
B0381,Resort,Standard,,May,5,1,3,2.0,,Agent,3,2.0,
B0032,City,Deluxe,,March,30,10,1,0.0,11978.0,Agent,4,,
B0730,Resort,Standard,193.0,November,24,3,4,0.0,3266.0,,4,0.0,
B0818,City,Suite,,June,9,4,3,1.0,7385.0,Agent,1,3.0,1.0
B0767,City,Suite,,December,31,7,3,0.0,7766.0,Agent,3,,0.0
B0460,Resort,Standard,291.0,September,8,13,4,1.0,,Agent,2,2.0,0.0
B0084,Resort,Deluxe,258.0,October,16,11,2,1.0,9439.0,Offline,0,3.0,1.0
B0784,Resort,Suite,51.0,January,27,7,1,1.0,3196.0,,3,2.0,0.0
B0412,City,Suite,150.0,June,29,14,3,0.0,13832.0,Online,2,3.0,1.0
B0646,Resort,Suite,,August,23,3,2,0.0,4494.0,Agent,3,3.0,1.0
B0450,City,Suite,,February,8,5,4,2.0,,Agent,2,3.0,1.0
B0776,City,Standard,21.0,July,17,5,3,0.0,,Offline,0,2.0,1.0
B0499,Resort,Standard,,May,20,13,1,1.0,,Offline,0,1.0,
B0859,City,Standard,306.0,September,18,13,2,0.0,10001.0,Agent,1,2.0,
B0437,Resort,Suite,,May,30,2,1,,,Agent,0,1.0,1.0
B0750,City,Deluxe,40.0,December,3,6,2,2.0,,Online,2,0.0,1.0
B0103,Resort,Standard,285.0,November,21,1,2,1.0,,Offline,1,2.0,1.0
B0156,Resort,Standard,,March,7,11,1,1.0,,Online,3,,
B0214,City,Standard,,October,13,11,2,2.0,9933.0,Agent,1,2.0,
B0497,Resort,Suite,,September,16,5,1,1.0,,,3,2.0,0.0
B0679,Resort,Standard,,June,22,2,3,,13547.0,,3,,1.0
B0704,City,Standard,,September,7,14,4,0.0,,Agent,2,3.0,1.0
B0829,Resort,Deluxe,,January,9,8,2,2.0,12424.0,Agent,3,3.0,0.0
B0587,City,Suite,105.0,October,20,6,2,0.0,13832.0,,0,2.0,1.0
B0786,City,Suite,25.0,June,18,4,2,,13760.0,Agent,1,2.0,1.0
B0424,City,Suite,127.0,January,28,1,1,,,Online,1,2.0,1.0
B0025,City,Suite,352.0,January,9,12,1,,,Offline,2,0.0,0.0
B0076,Resort,Standard,7.0,February,24,10,4,1.0,,Agent,3,,
B0024,Resort,Deluxe,234.0,February,9,11,4,,,Online,1,3.0,
B0286,Resort,Deluxe,359.0,July,1,8,4,2.0,14496.0,,1,,0.0
B0407,City,Deluxe,,October,4,11,3,2.0,4355.0,Online,4,1.0,0.0
B0886,Resort,Suite,127.0,March,13,10,4,1.0,,Agent,3,2.0,
B0346,City,Standard,,January,9,12,2,,,Agent,1,2.0,1.0
B0726,Resort,Suite,284.0,February,14,12,1,,4085.0,Offline,4,0.0,0.0
B0203,Resort,Standard,,August,6,11,4,1.0,,,0,2.0,0.0
B0446,Resort,Suite,,September,11,10,3,1.0,,Offline,4,2.0,
B0620,Resort,Deluxe,236.0,June,30,12,2,1.0,,Online,2,3.0,0.0
B0154,Resort,Standard,,December,7,4,1,,7423.0,Online,4,3.0,
B0161,City,Deluxe,325.0,June,21,1,2,2.0,,Agent,2,,1.0
B0957,Resort,Suite,277.0,February,19,3,1,1.0,6587.0,Agent,4,0.0,0.0
B0817,Resort,Deluxe,,December,28,10,4,1.0,4754.0,Offline,1,0.0,
B0151,City,Standard,243.0,June,3,1,2,,,Agent,2,,0.0
B0247,Resort,Deluxe,,June,10,14,3,0.0,11918.0,Offline,2,1.0,1.0
B0574,Resort,Deluxe,,November,4,9,4,2.0,4916.0,Agent,3,2.0,
B0435,City,Suite,286.0,July,12,3,1,1.0,,Offline,0,,1.0
B0337,City,Deluxe,129.0,October,9,1,3,,8525.0,Agent,2,0.0,
B0844,City,Suite,,August,6,8,1,0.0,8054.0,Offline,1,1.0,0.0
B0430,City,Standard,227.0,June,4,14,3,1.0,12733.0,Agent,2,1.0,
B0740,Resort,Suite,,July,27,11,1,0.0,5161.0,Agent,0,1.0,1.0
B0046,Resort,Suite,,March,21,12,1,2.0,,Online,2,3.0,
B0857,City,Suite,237.0,February,30,2,2,0.0,,Online,1,0.0,0.0
B0654,Resort,Deluxe,41.0,May,27,11,2,1.0,7087.0,,2,1.0,1.0
B0144,Resort,Deluxe,115.0,May,29,4,2,2.0,,Agent,0,3.0,1.0
B0593,Resort,Deluxe,,November,22,14,2,0.0,,Offline,4,,0.0
B0720,Resort,Deluxe,,April,11,12,3,0.0,10409.0,Agent,1,3.0,1.0
B0033,City,Suite,337.0,August,5,8,3,2.0,,Online,2,0.0,
B0368,City,Standard,,June,11,11,1,1.0,,Offline,3,,0.0
B0771,City,Deluxe,,October,19,12,4,,9759.0,Agent,2,,1.0
B0495,Resort,Deluxe,20.0,September,4,7,4,2.0,,Online,1,,0.0
B0945,Resort,Suite,357.0,October,25,3,2,2.0,14919.0,Online,2,1.0,1.0
B0470,Resort,Standard,235.0,November,5,4,2,2.0,7038.0,Offline,1,1.0,1.0
B0093,City,Standard,,January,16,3,3,0.0,,Offline,3,3.0,1.0
B0724,City,Standard,198.0,June,25,3,4,2.0,,,4,0.0,1.0
B0501,City,Standard,311.0,April,12,6,3,0.0,,Online,1,1.0,1.0
B0193,City,Standard,,February,11,7,2,,,Agent,3,3.0,0.0
B0268,Resort,Standard,,November,17,14,1,,,Online,3,0.0,0.0
B0327,City,Suite,,November,15,1,4,,8921.0,Agent,3,2.0,
B0650,City,Suite,,August,23,6,3,0.0,14869.0,,4,3.0,
B0082,City,Standard,,April,17,14,4,,,Agent,0,0.0,1.0
B0472,Resort,Standard,,May,14,6,3,0.0,,Offline,2,2.0,1.0
B0018,Resort,Deluxe,152.0,October,4,6,1,,6073.0,Online,4,0.0,0.0
B0745,City,Suite,,May,12,8,2,,2665.0,Agent,2,0.0,0.0
B0624,City,Deluxe,262.0,June,30,11,3,,8565.0,Offline,2,0.0,1.0
B0989,City,Standard,,May,20,9,2,0.0,,Offline,3,2.0,
B0706,City,Deluxe,256.0,October,13,3,3,2.0,,Offline,0,3.0,
B0133,Resort,Deluxe,,February,8,4,1,2.0,5621.0,Agent,4,3.0,
B0431,Resort,Suite,,September,1,6,3,2.0,,Offline,3,3.0,0.0
B0546,City,Suite,,July,2,11,1,,,Online,1,,1.0
B0312,Resort,Deluxe,,January,5,10,2,2.0,,,0,2.0,
B0762,Resort,Standard,192.0,July,20,14,1,0.0,8483.0,Offline,0,,1.0
B0183,City,Suite,,June,25,4,4,2.0,,Online,2,,
B0546,Resort,Standard,,August,10,14,4,1.0,,Agent,0,,1.0
B0782,Resort,Suite,88.0,July,19,11,4,,8722.0,Online,4,1.0,0.0
B0625,City,Suite,,January,11,10,2,1.0,,Online,2,0.0,
B0616,Resort,Suite,261.0,March,15,6,2,1.0,9736.0,Agent,1,2.0,0.0
B0916,City,Standard,,August,8,11,4,1.0,,Online,4,2.0,0.0
B0251,Resort,Suite,35.0,December,2,11,4,,8313.0,,2,,0.0
B0733,City,Deluxe,246.0,May,26,7,1,2.0,,,0,0.0,0.0
B0868,Resort,Suite,57.0,June,14,11,3,1.0,,Offline,2,0.0,1.0
B0658,City,Deluxe,,April,25,5,3,2.0,,Agent,3,2.0,
B0282,City,Standard,,January,8,6,3,2.0,7024.0,Agent,3,3.0,
B0302,City,Suite,355.0,March,20,5,4,2.0,12432.0,Online,1,,1.0
B0152,City,Deluxe,,August,20,3,3,1.0,,Agent,3,3.0,
B0174,Resort,Standard,,January,22,2,3,1.0,7067.0,Offline,1,2.0,
B0797,City,Suite,,August,15,10,1,1.0,14146.0,Agent,0,3.0,
B0102,Resort,Suite,,September,31,9,1,0.0,9317.0,Offline,2,1.0,
B0959,City,Standard,,March,2,10,3,2.0,3496.0,Online,1,,1.0
B0063,City,Standard,,August,4,9,1,2.0,14943.0,Offline,3,0.0,1.0
B0086,Resort,Standard,51.0,October,16,5,1,,,Offline,4,,1.0
B0001,Resort,Deluxe,,August,21,3,3,,,Agent,2,,0.0
B0350,Resort,Suite,,November,15,2,2,,,,3,1.0,0.0
B0068,Resort,Suite,155.0,August,11,11,2,1.0,14759.0,Offline,1,2.0,
B0313,Resort,Suite,241.0,November,10,10,2,1.0,7304.0,Offline,3,1.0,0.0
B0625,City,Deluxe,,November,20,13,4,2.0,,,2,2.0,0.0
B0314,Resort,Suite,,August,10,7,4,,,Online,3,2.0,
B0825,City,Deluxe,140.0,December,7,4,3,2.0,8119.0,Agent,3,3.0,1.0
B0572,City,Standard,,May,4,2,2,1.0,,,0,3.0,
B0983,Resort,Standard,,January,4,1,3,2.0,,,2,0.0,1.0
B0138,City,Deluxe,211.0,March,19,5,2,0.0,9180.0,Agent,4,,
B0267,Resort,Suite,11.0,February,28,13,3,2.0,,Offline,1,2.0,1.0
B0234,Resort,Deluxe,170.0,November,23,5,3,0.0,4298.0,,3,3.0,1.0
B0818,City,Suite,,January,19,7,1,2.0,,Agent,4,2.0,
B0069,City,Suite,47.0,September,6,13,1,,11994.0,Online,3,2.0,1.0
B0463,City,Suite,169.0,March,21,10,3,,,Online,3,,1.0
B0007,Resort,Standard,4.0,June,14,3,3,1.0,,,1,,1.0
B0915,City,Standard,75.0,May,6,2,1,0.0,14770.0,Agent,0,2.0,1.0
B0951,City,Suite,106.0,May,6,7,3,1.0,,Online,1,3.0,0.0
B0855,Resort,Standard,227.0,July,2,8,4,,5254.0,,4,0.0,0.0
B0993,City,Suite,296.0,March,25,4,1,,,Agent,3,1.0,0.0
B0093,Resort,Deluxe,130.0,August,1,1,4,,8558.0,Agent,2,2.0,0.0
B0445,Resort,Standard,359.0,November,21,13,4,,,Agent,0,1.0,0.0
B0182,City,Standard,265.0,March,23,8,1,0.0,11768.0,Agent,2,,1.0
B0844,City,Deluxe,88.0,September,31,3,2,2.0,3792.0,Online,3,1.0,1.0
B0414,Resort,Deluxe,,January,26,1,3,0.0,9708.0,Offline,3,0.0,
B0387,City,Standard,51.0,June,29,4,1,,3086.0,,3,3.0,
B0451,City,Suite,326.0,May,16,8,3,1.0,,Online,3,3.0,
B0852,City,Standard,112.0,March,8,11,1,0.0,,Agent,4,0.0,0.0
B0232,Resort,Standard,,June,23,8,3,1.0,,Agent,1,,
B0958,City,Suite,197.0,April,6,1,2,0.0,5896.0,,2,0.0,
B0493,Resort,Deluxe,,August,7,8,3,,,Agent,2,1.0,1.0
B0350,Resort,Suite,233.0,November,28,6,3,0.0,,,0,,0.0
B0097,City,Deluxe,56.0,September,23,5,2,2.0,,,4,0.0,
B0187,Resort,Suite,99.0,November,8,13,1,1.0,,Offline,4,,
B0049,Resort,Suite,117.0,June,6,2,2,1.0,14306.0,,1,2.0,0.0
B0983,Resort,Deluxe,,August,15,6,2,2.0,2005.0,Agent,4,2.0,0.0
B0946,City,Standard,210.0,March,16,14,2,1.0,8410.0,,3,,0.0
B0255,Resort,Standard,,March,29,7,1,1.0,,Offline,2,2.0,0.0
B0653,City,Suite,159.0,November,20,8,2,,6895.0,,1,0.0,
B0350,Resort,Standard,,February,21,8,4,1.0,,Agent,1,,0.0
B0091,Resort,Standard,,December,31,7,4,0.0,12453.0,Agent,2,2.0,
B0521,Resort,Deluxe,,June,3,1,1,,,Offline,4,3.0,
B0273,City,Suite,,October,17,14,4,0.0,11857.0,Online,4,0.0,0.0
B0990,City,Deluxe,,July,23,12,1,2.0,,,4,,0.0
B0963,Resort,Suite,221.0,April,19,3,1,2.0,,,0,3.0,1.0
B0368,Resort,Deluxe,,August,26,1,3,,,Offline,1,,
B0664,Resort,Suite,,March,28,8,1,2.0,7763.0,Agent,2,0.0,
B0093,Resort,Deluxe,,November,6,13,4,1.0,,Agent,2,3.0,1.0
B0773,City,Standard,165.0,February,7,10,3,2.0,14398.0,,4,0.0,0.0
B0096,City,Suite,,May,5,12,3,2.0,8500.0,,0,2.0,
B0584,City,Deluxe,,January,8,9,2,2.0,,Offline,1,1.0,0.0
B0451,City,Standard,,April,31,1,4,,8791.0,,1,,
B0410,Resort,Suite,,May,14,6,3,1.0,,Online,1,2.0,
B0253,City,Standard,,September,11,2,2,2.0,13756.0,,2,,0.0
B0472,Resort,Deluxe,,February,31,3,1,,11158.0,Agent,3,1.0,0.0
B0699,Resort,Standard,,December,1,12,4,,13537.0,,1,3.0,1.0
B0552,Resort,Deluxe,,March,25,9,3,0.0,11987.0,Agent,4,0.0,0.0
B0629,City,Suite,211.0,December,7,4,2,1.0,,Online,2,0.0,0.0
B0969,Resort,Suite,,July,13,12,4,1.0,7624.0,Online,2,2.0,0.0
B0725,Resort,Deluxe,255.0,March,9,7,2,1.0,7754.0,Agent,3,0.0,
B0264,City,Suite,31.0,November,12,2,2,0.0,10669.0,Online,2,3.0,1.0
B0029,Resort,Standard,88.0,November,20,8,2,1.0,7656.0,Offline,4,2.0,
B0182,Resort,Suite,90.0,August,1,10,1,0.0,,Online,2,1.0,
B0531,City,Standard,254.0,October,5,10,3,,,,0,,0.0
B0347,City,Deluxe,72.0,August,7,13,4,0.0,7870.0,,4,0.0,
B0094,Resort,Suite,,September,21,4,3,2.0,,Offline,2,3.0,1.0
B0446,Resort,Standard,251.0,August,4,6,4,,,Agent,0,,0.0
B0193,City,Deluxe,300.0,November,11,12,1,0.0,,,1,2.0,
B0054,Resort,Suite,260.0,September,12,11,1,1.0,,Offline,1,2.0,0.0
B0732,City,Deluxe,105.0,January,30,7,2,0.0,6758.0,Offline,2,1.0,1.0
B0847,City,Deluxe,205.0,March,5,10,2,2.0,,Offline,2,3.0,
B0011,Resort,Deluxe,,April,27,13,4,2.0,11832.0,,0,3.0,0.0
B0679,City,Standard,326.0,February,6,13,4,0.0,,Offline,2,3.0,1.0
B0550,Resort,Deluxe,,February,25,2,4,1.0,,Offline,1,,0.0
B0481,Resort,Standard,57.0,January,27,7,2,0.0,14493.0,Offline,3,,1.0
B0449,City,Deluxe,305.0,November,30,9,2,1.0,,Online,4,0.0,0.0
B0350,Resort,Standard,,April,29,11,1,,8226.0,Agent,4,0.0,0.0
B0189,City,Deluxe,,January,28,8,1,1.0,,Offline,1,,1.0
B0059,City,Suite,,September,18,1,2,2.0,8068.0,Offline,0,1.0,0.0
B0391,City,Suite,,October,4,14,2,0.0,11234.0,Online,3,,
B0396,Resort,Suite,,August,30,12,2,,,Agent,3,3.0,0.0
B0466,Resort,Standard,,November,24,3,4,2.0,,Online,3,2.0,0.0
B0044,Resort,Deluxe,363.0,July,5,14,3,1.0,,,3,3.0,1.0
B0976,Resort,Deluxe,,June,22,7,2,1.0,6030.0,Offline,4,1.0,
B0676,Resort,Deluxe,,June,21,5,2,,,Online,4,3.0,1.0
B0927,Resort,Standard,102.0,June,18,3,4,,,Online,1,3.0,
